insert into public.user_consents (id, tenant_id, subject_type, subject_id, scope_id, scope_version, status, granted_at, source_channel, proof_hash, policy_snapshot, metadata) values ('8d830389-4c1e-4a50-9e68-909de123e84c','00000000-0000-0000-0000-000000000001','user','60cfba43-4ba8-4b11-a2fe-cf9026387c85','30000000-0000-0000-0000-000000000001',1,'revoked',now(),'seed','2cd3b9217791e0ba1b0518786f35567844e3d414b908aa6d665cffbbe84bffb9','{}','{"trust_score":0.7611}');insert into public.consent_expirations (tenant_id, user_consent_id, expires_at, expiration_policy) values ('00000000-0000-0000-0000-000000000001','8d830389-4c1e-4a50-9e68-909de123e84c','2026-05-13T17:09:57.051Z','rolling_90_day');insert into public.consent_revocations (tenant_id, user_consent_id, revoked_at, reason, initiated_by_type, metadata) values ('00000000-0000-0000-0000-000000000001','8d830389-4c1e-4a50-9e68-909de123e84c','2026-05-06T17:09:57.051Z','user_request','user','{"source":"mock-seed"}');
insert into public.user_consents (id, tenant_id, subject_type, subject_id, scope_id, scope_version, status, granted_at, source_channel, proof_hash, policy_snapshot, metadata) values ('d5dd6ce7-b31d-43d4-ad0e-c61a4003b88b','00000000-0000-0000-0000-000000000001','user','10be4303-1fa0-40b2-933d-2b9992a89266','30000000-0000-0000-0000-000000000001',1,'expired',now(),'seed','cd479b88ac550dc74e01497f12703eb692a6c17c7ee68810d43881f00c59807d','{}','{"trust_score":0.987}');insert into public.consent_expirations (tenant_id, user_consent_id, expires_at, expiration_policy) values ('00000000-0000-0000-0000-000000000001','d5dd6ce7-b31d-43d4-ad0e-c61a4003b88b','2026-05-04T17:09:57.051Z','rolling_90_day');
insert into public.user_consents (id, tenant_id, subject_type, subject_id, scope_id, scope_version, status, granted_at, source_channel, proof_hash, policy_snapshot, metadata) values ('8bb4a94e-90ec-4ddf-8d10-3abd69519cfc','00000000-0000-0000-0000-000000000001','user','e871a87f-7cfa-43b7-b8b0-fed2c22d61ac','30000000-0000-0000-0000-000000000001',1,'granted',now(),'seed','12ec152930da157dce94c0d86244f6c0f33d4514d1f2e923f931959ed8024157','{}','{"trust_score":0.6058}');insert into public.consent_expirations (tenant_id, user_consent_id, expires_at, expiration_policy) values ('00000000-0000-0000-0000-000000000001','8bb4a94e-90ec-4ddf-8d10-3abd69519cfc','2026-05-15T17:09:57.051Z','rolling_90_day');
insert into public.user_consents (id, tenant_id, subject_type, subject_id, scope_id, scope_version, status, granted_at, source_channel, proof_hash, policy_snapshot, metadata) values ('ecae4c36-f21e-495b-8d11-1b5f3ac41eda','00000000-0000-0000-0000-000000000001','user','a956fb75-6dda-457d-8403-c8173522bd08','30000000-0000-0000-0000-000000000001',1,'granted',now(),'seed','979d464bce8ea30878d11fce8a24b7c7712d30514a2a8c8e2bbe96ee12cc3f1c','{}','{"trust_score":0.9243}');insert into public.consent_expirations (tenant_id, user_consent_id, expires_at, expiration_policy) values ('00000000-0000-0000-0000-000000000001','ecae4c36-f21e-495b-8d11-1b5f3ac41eda','2026-05-16T17:09:57.051Z','rolling_90_day');
insert into public.user_consents (id, tenant_id, subject_type, subject_id, scope_id, scope_version, status, granted_at, source_channel, proof_hash, policy_snapshot, metadata) values ('959af2b3-0712-4d90-9571-aaba28f89918','00000000-0000-0000-0000-000000000001','user','249193f3-5a6c-4e72-9fdb-d7a9d946a8e3','30000000-0000-0000-0000-000000000001',1,'granted',now(),'seed','b5699f97534eb36e508c92fc7ace94c7dcdcef604535805d520d5cbc32a91f10','{}','{"trust_score":0.9246}');insert into public.consent_expirations (tenant_id, user_consent_id, expires_at, expiration_policy) values ('00000000-0000-0000-0000-000000000001','959af2b3-0712-4d90-9571-aaba28f89918','2026-05-17T17:09:57.051Z','rolling_90_day');
insert into public.user_consents (id, tenant_id, subject_type, subject_id, scope_id, scope_version, status, granted_at, source_channel, proof_hash, policy_snapshot, metadata) values ('38e7eb99-b627-4244-b59d-0d7325ee198a','00000000-0000-0000-0000-000000000001','user','c8c916f2-dff3-4a47-97d3-e4787cf347fe','30000000-0000-0000-0000-000000000001',1,'granted',now(),'seed','53f867f17150f91f9995d0b29df1ca936a8203775ccfbccfb0db12f2efc2a8ba','{}','{"trust_score":0.873}');insert into public.consent_expirations (tenant_id, user_consent_id, expires_at, expiration_policy) values ('00000000-0000-0000-0000-000000000001','38e7eb99-b627-4244-b59d-0d7325ee198a','2026-05-18T17:09:57.051Z','rolling_90_day');
insert into public.user_consents (id, tenant_id, subject_type, subject_id, scope_id, scope_version, status, granted_at, source_channel, proof_hash, policy_snapshot, metadata) values ('6b9f0c97-3057-484e-8a3a-9a9a9c7c22a4','00000000-0000-0000-0000-000000000001','user','5190a936-8e00-4098-bf1b-ad34a81340d5','30000000-0000-0000-0000-000000000001',1,'granted',now(),'seed','425fd132b24566f4489f02f6dde47f9308d93766c6058b08a9db58016e911f28','{}','{"trust_score":0.9333}');insert into public.consent_expirations (tenant_id, user_consent_id, expires_at, expiration_policy) values ('00000000-0000-0000-0000-000000000001','6b9f0c97-3057-484e-8a3a-9a9a9c7c22a4','2026-05-19T17:09:57.051Z','rolling_90_day');
insert into public.user_consents (id, tenant_id, subject_type, subject_id, scope_id, scope_version, status, granted_at, source_channel, proof_hash, policy_snapshot, metadata) values ('a07f8d8f-d104-4ef5-9be8-2855424c6a21','00000000-0000-0000-0000-000000000001','user','29b5f0be-8602-4bce-aaf8-78125e40e370','30000000-0000-0000-0000-000000000001',1,'granted',now(),'seed','2479c79952ee051f58b4c6c5d780c11d4e405931a563bb255609ce846c6dcf3b','{}','{"trust_score":0.4679}');insert into public.consent_expirations (tenant_id, user_consent_id, expires_at, expiration_policy) values ('00000000-0000-0000-0000-000000000001','a07f8d8f-d104-4ef5-9be8-2855424c6a21','2026-05-20T17:09:57.051Z','rolling_90_day');
insert into public.user_consents (id, tenant_id, subject_type, subject_id, scope_id, scope_version, status, granted_at, source_channel, proof_hash, policy_snapshot, metadata) values ('2ac3318d-529a-424d-853d-a53b850d72a3','00000000-0000-0000-0000-000000000001','user','96eaa254-5744-41da-ae76-8b6dfb3d9482','30000000-0000-0000-0000-000000000001',1,'granted',now(),'seed','f1fdceb0dd3eda1d7c0b2e1281249f36a098c32f6c0684869d42bc3555ff0660','{}','{"trust_score":0.7822}');insert into public.consent_expirations (tenant_id, user_consent_id, expires_at, expiration_policy) values ('00000000-0000-0000-0000-000000000001','2ac3318d-529a-424d-853d-a53b850d72a3','2026-05-21T17:09:57.051Z','rolling_90_day');
insert into public.user_consents (id, tenant_id, subject_type, subject_id, scope_id, scope_version, status, granted_at, source_channel, proof_hash, policy_snapshot, metadata) values ('9e4542b6-43c3-45e4-a427-270652dadb9f','00000000-0000-0000-0000-000000000001','user','5c578fdd-4bc3-4be4-88df-559ab99cc7eb','30000000-0000-0000-0000-000000000001',1,'granted',now(),'seed','92aa78bc818c4267f688bce4e9e8a5b16cc1bdad8d070ee68859f329468cf50e','{}','{"trust_score":0.6}');insert into public.consent_expirations (tenant_id, user_consent_id, expires_at, expiration_policy) values ('00000000-0000-0000-0000-000000000001','9e4542b6-43c3-45e4-a427-270652dadb9f','2026-05-22T17:09:57.051Z','rolling_90_day');
insert into public.user_consents (id, tenant_id, subject_type, subject_id, scope_id, scope_version, status, granted_at, source_channel, proof_hash, policy_snapshot, metadata) values ('e2e79375-e8f5-481f-bda1-9ae5ef2b1c99','00000000-0000-0000-0000-000000000001','user','1f291c96-97e3-443b-b499-7d97e96d1fd1','30000000-0000-0000-0000-000000000001',1,'revoked',now(),'seed','69142a273cce2fea8209443d4fa5fabf73f7505435050fc024c484a398a38074','{}','{"trust_score":0.7017}');insert into public.consent_expirations (tenant_id, user_consent_id, expires_at, expiration_policy) values ('00000000-0000-0000-0000-000000000001','e2e79375-e8f5-481f-bda1-9ae5ef2b1c99','2026-05-23T17:09:57.051Z','rolling_90_day');insert into public.consent_revocations (tenant_id, user_consent_id, revoked_at, reason, initiated_by_type, metadata) values ('00000000-0000-0000-0000-000000000001','e2e79375-e8f5-481f-bda1-9ae5ef2b1c99','2026-04-26T17:09:57.051Z','user_request','user','{"source":"mock-seed"}');
insert into public.user_consents (id, tenant_id, subject_type, subject_id, scope_id, scope_version, status, granted_at, source_channel, proof_hash, policy_snapshot, metadata) values ('089fecdc-84db-4470-bbbb-9f2c61660d0b','00000000-0000-0000-0000-000000000001','user','f4ce15ae-42ae-4384-8034-cd9ea4c421f4','30000000-0000-0000-0000-000000000001',1,'expired',now(),'seed','c7a8d382ed197c8dc7eea3d51b314ac5a59a5419b6f70ea35c2e37dc8930441e','{}','{"trust_score":0.4874}');insert into public.consent_expirations (tenant_id, user_consent_id, expires_at, expiration_policy) values ('00000000-0000-0000-0000-000000000001','089fecdc-84db-4470-bbbb-9f2c61660d0b','2026-05-01T17:09:57.051Z','rolling_90_day');
insert into public.user_consents (id, tenant_id, subject_type, subject_id, scope_id, scope_version, status, granted_at, source_channel, proof_hash, policy_snapshot, metadata) values ('ff3c3cd1-c42a-4a11-9276-20ae39f05894','00000000-0000-0000-0000-000000000001','user','ce10ef06-1bc2-46d6-af21-83fda05df08c','30000000-0000-0000-0000-000000000001',1,'granted',now(),'seed','09249c60aec541c7b879258c7151347073e36f2650dff4503f26f83841cecb95','{}','{"trust_score":0.6965}');insert into public.consent_expirations (tenant_id, user_consent_id, expires_at, expiration_policy) values ('00000000-0000-0000-0000-000000000001','ff3c3cd1-c42a-4a11-9276-20ae39f05894','2026-05-25T17:09:57.051Z','rolling_90_day');
insert into public.user_consents (id, tenant_id, subject_type, subject_id, scope_id, scope_version, status, granted_at, source_channel, proof_hash, policy_snapshot, metadata) values ('22443763-23e6-4990-9dc7-4f492a3ce7ab','00000000-0000-0000-0000-000000000001','user','8519a749-c2d8-45dd-afa5-f89a26cfe91b','30000000-0000-0000-0000-000000000001',1,'granted',now(),'seed','70a8ac2bb84569a05954298dacb4f165d37231c9725e2e5c2f5854da85aba6d4','{}','{"trust_score":0.8533}');insert into public.consent_expirations (tenant_id, user_consent_id, expires_at, expiration_policy) values ('00000000-0000-0000-0000-000000000001','22443763-23e6-4990-9dc7-4f492a3ce7ab','2026-05-26T17:09:57.051Z','rolling_90_day');
insert into public.user_consents (id, tenant_id, subject_type, subject_id, scope_id, scope_version, status, granted_at, source_channel, proof_hash, policy_snapshot, metadata) values ('e06755c7-3167-47e8-b5fa-8e00ba5b6711','00000000-0000-0000-0000-000000000001','user','8a4987f8-075f-4622-8703-ff9988c0fc65','30000000-0000-0000-0000-000000000001',1,'granted',now(),'seed','a0cdaa87d0b14568881e17cd8013f2db349f565c37c4ccdf5747674c47ec1509','{}','{"trust_score":0.5368}');insert into public.consent_expirations (tenant_id, user_consent_id, expires_at, expiration_policy) values ('00000000-0000-0000-0000-000000000001','e06755c7-3167-47e8-b5fa-8e00ba5b6711','2026-05-27T17:09:57.051Z','rolling_90_day');
insert into public.user_consents (id, tenant_id, subject_type, subject_id, scope_id, scope_version, status, granted_at, source_channel, proof_hash, policy_snapshot, metadata) values ('ffbcc71e-6489-4f2c-a8dc-f5122f6e11ad','00000000-0000-0000-0000-000000000001','user','31e9c56e-5041-4641-bf5c-7eb0e8dfc45f','30000000-0000-0000-0000-000000000001',1,'granted',now(),'seed','f4b50cc115749ec9a8507296098b37b2632bf9b37aacf391a1336e77315dc35a','{}','{"trust_score":0.7985}');insert into public.consent_expirations (tenant_id, user_consent_id, expires_at, expiration_policy) values ('00000000-0000-0000-0000-000000000001','ffbcc71e-6489-4f2c-a8dc-f5122f6e11ad','2026-05-28T17:09:57.051Z','rolling_90_day');
insert into public.user_consents (id, tenant_id, subject_type, subject_id, scope_id, scope_version, status, granted_at, source_channel, proof_hash, policy_snapshot, metadata) values ('e97eac2d-14ad-43af-b5a5-78438e54caab','00000000-0000-0000-0000-000000000001','user','1096b676-462f-44f8-a8d5-30cb7aba0226','30000000-0000-0000-0000-000000000001',1,'granted',now(),'seed','3eb9af79359f7e58396765af7481d2749fded41eaeb87716afe85291394cbec2','{}','{"trust_score":0.4765}');insert into public.consent_expirations (tenant_id, user_consent_id, expires_at, expiration_policy) values ('00000000-0000-0000-0000-000000000001','e97eac2d-14ad-43af-b5a5-78438e54caab','2026-05-29T17:09:57.051Z','rolling_90_day');
insert into public.user_consents (id, tenant_id, subject_type, subject_id, scope_id, scope_version, status, granted_at, source_channel, proof_hash, policy_snapshot, metadata) values ('8a659e62-0e24-4b28-af6d-de24bf035cf8','00000000-0000-0000-0000-000000000001','user','716a1572-c980-4fcb-9880-d9ca9a1169a3','30000000-0000-0000-0000-000000000001',1,'granted',now(),'seed','c3ec666a0f278b8d4c4de1a78cc078a89586db013be9c10e68d5841c48ce73f7','{}','{"trust_score":0.9761}');insert into public.consent_expirations (tenant_id, user_consent_id, expires_at, expiration_policy) values ('00000000-0000-0000-0000-000000000001','8a659e62-0e24-4b28-af6d-de24bf035cf8','2026-05-30T17:09:57.051Z','rolling_90_day');
insert into public.user_consents (id, tenant_id, subject_type, subject_id, scope_id, scope_version, status, granted_at, source_channel, proof_hash, policy_snapshot, metadata) values ('91ba745d-b5f8-4f52-b376-c3d88dd12dda','00000000-0000-0000-0000-000000000001','user','cbe55f89-3b32-482e-8543-fd1d64a83fbe','30000000-0000-0000-0000-000000000001',1,'granted',now(),'seed','94affb092ef17f7c8720ce71a3b0909a88fd59d6560e66b0f045e0f7088a3562','{}','{"trust_score":0.5416}');insert into public.consent_expirations (tenant_id, user_consent_id, expires_at, expiration_policy) values ('00000000-0000-0000-0000-000000000001','91ba745d-b5f8-4f52-b376-c3d88dd12dda','2026-05-31T17:09:57.051Z','rolling_90_day');
insert into public.user_consents (id, tenant_id, subject_type, subject_id, scope_id, scope_version, status, granted_at, source_channel, proof_hash, policy_snapshot, metadata) values ('ebdffc19-e3f0-447a-b2cb-f7df0e5e4ea6','00000000-0000-0000-0000-000000000001','user','355db098-4211-4519-bb3a-fb54ac1256ab','30000000-0000-0000-0000-000000000001',1,'granted',now(),'seed','54319a83cb5e5ec9b5082827a54453dee315ba2e3a85ee0fb78a4c4901f9402a','{}','{"trust_score":0.7249}');insert into public.consent_expirations (tenant_id, user_consent_id, expires_at, expiration_policy) values ('00000000-0000-0000-0000-000000000001','ebdffc19-e3f0-447a-b2cb-f7df0e5e4ea6','2026-06-01T17:09:57.051Z','rolling_90_day');
insert into public.user_consents (id, tenant_id, subject_type, subject_id, scope_id, scope_version, status, granted_at, source_channel, proof_hash, policy_snapshot, metadata) values ('6ca6f83a-a678-4d9b-9388-e877177cd63f','00000000-0000-0000-0000-000000000001','user','f72021fb-a7b6-4197-9fb4-5f7756c54b88','30000000-0000-0000-0000-000000000001',1,'revoked',now(),'seed','1a88766778993715fef20656019b8c0b68b915c71cb891fbd9ee6e305bbb3813','{}','{"trust_score":0.5498}');insert into public.consent_expirations (tenant_id, user_consent_id, expires_at, expiration_policy) values ('00000000-0000-0000-0000-000000000001','6ca6f83a-a678-4d9b-9388-e877177cd63f','2026-06-02T17:09:57.051Z','rolling_90_day');insert into public.consent_revocations (tenant_id, user_consent_id, revoked_at, reason, initiated_by_type, metadata) values ('00000000-0000-0000-0000-000000000001','6ca6f83a-a678-4d9b-9388-e877177cd63f','2026-05-06T17:09:57.051Z','user_request','user','{"source":"mock-seed"}');
insert into public.user_consents (id, tenant_id, subject_type, subject_id, scope_id, scope_version, status, granted_at, source_channel, proof_hash, policy_snapshot, metadata) values ('41cdb63a-e1bc-47a0-a2f7-6a32a3b28484','00000000-0000-0000-0000-000000000001','user','9b589d91-9a4d-4038-8c57-098b158eb129','30000000-0000-0000-0000-000000000001',1,'expired',now(),'seed','5b4b7131808c1bc4738bfdea7e7fcfb7b97da168404ebe6247067823f801f5bf','{}','{"trust_score":0.6046}');insert into public.consent_expirations (tenant_id, user_consent_id, expires_at, expiration_policy) values ('00000000-0000-0000-0000-000000000001','41cdb63a-e1bc-47a0-a2f7-6a32a3b28484','2026-05-05T17:09:57.051Z','rolling_90_day');
insert into public.user_consents (id, tenant_id, subject_type, subject_id, scope_id, scope_version, status, granted_at, source_channel, proof_hash, policy_snapshot, metadata) values ('d2e2fc29-79d9-42a4-b66b-28fd14330c53','00000000-0000-0000-0000-000000000001','user','a85db0fa-83a5-4b71-8cfb-4d475beec341','30000000-0000-0000-0000-000000000001',1,'granted',now(),'seed','2a35159fb8568c35a19f5443238ffc636257585aee1b3d121912a7d461152201','{}','{"trust_score":0.9062}');insert into public.consent_expirations (tenant_id, user_consent_id, expires_at, expiration_policy) values ('00000000-0000-0000-0000-000000000001','d2e2fc29-79d9-42a4-b66b-28fd14330c53','2026-06-04T17:09:57.051Z','rolling_90_day');
insert into public.user_consents (id, tenant_id, subject_type, subject_id, scope_id, scope_version, status, granted_at, source_channel, proof_hash, policy_snapshot, metadata) values ('8fac9150-16ce-4dd9-b9e2-9ad8b3285718','00000000-0000-0000-0000-000000000001','user','7ef32784-1421-42f9-b8e8-6e1c6e746916','30000000-0000-0000-0000-000000000001',1,'granted',now(),'seed','b3f90a93250c3c92f25a7e2ef20a244b785879a684282d22bd5a806802937b6f','{}','{"trust_score":0.7935}');insert into public.consent_expirations (tenant_id, user_consent_id, expires_at, expiration_policy) values ('00000000-0000-0000-0000-000000000001','8fac9150-16ce-4dd9-b9e2-9ad8b3285718','2026-06-05T17:09:57.051Z','rolling_90_day');
insert into public.user_consents (id, tenant_id, subject_type, subject_id, scope_id, scope_version, status, granted_at, source_channel, proof_hash, policy_snapshot, metadata) values ('9d53dca5-ef42-4bd2-977a-30b79b47b2af','00000000-0000-0000-0000-000000000001','user','0f67bda9-5dd9-4253-bdf4-4fa9fabc1b7a','30000000-0000-0000-0000-000000000001',1,'granted',now(),'seed','ee3b3ae176e929e69c130a6375b13b1d05e8579311cb4eae3f20d7bde6c4ad55','{}','{"trust_score":0.856}');insert into public.consent_expirations (tenant_id, user_consent_id, expires_at, expiration_policy) values ('00000000-0000-0000-0000-000000000001','9d53dca5-ef42-4bd2-977a-30b79b47b2af','2026-06-06T17:09:57.051Z','rolling_90_day');
insert into public.user_consents (id, tenant_id, subject_type, subject_id, scope_id, scope_version, status, granted_at, source_channel, proof_hash, policy_snapshot, metadata) values ('dc7a8834-6fc3-4065-97b7-23a6e9e445df','00000000-0000-0000-0000-000000000001','user','499afce1-6fb5-450d-bc7a-f4d58f740c11','30000000-0000-0000-0000-000000000001',1,'granted',now(),'seed','cc2a857bb8fcb7729300670a9006f6bbb005de91b332d143b1d986c60789d546','{}','{"trust_score":0.6471}');insert into public.consent_expirations (tenant_id, user_consent_id, expires_at, expiration_policy) values ('00000000-0000-0000-0000-000000000001','dc7a8834-6fc3-4065-97b7-23a6e9e445df','2026-06-07T17:09:57.051Z','rolling_90_day');
insert into public.user_consents (id, tenant_id, subject_type, subject_id, scope_id, scope_version, status, granted_at, source_channel, proof_hash, policy_snapshot, metadata) values ('c8bda46a-b2c6-45b1-ace2-bfc1a85a6add','00000000-0000-0000-0000-000000000001','user','39903a1b-3907-4c4b-b0ea-8c175bbd3215','30000000-0000-0000-0000-000000000001',1,'granted',now(),'seed','25038ee7d7870985198fc8da81fa3fa6471bc505dea3a763c3ff730ae741c3c0','{}','{"trust_score":0.7163}');insert into public.consent_expirations (tenant_id, user_consent_id, expires_at, expiration_policy) values ('00000000-0000-0000-0000-000000000001','c8bda46a-b2c6-45b1-ace2-bfc1a85a6add','2026-06-08T17:09:57.051Z','rolling_90_day');
insert into public.user_consents (id, tenant_id, subject_type, subject_id, scope_id, scope_version, status, granted_at, source_channel, proof_hash, policy_snapshot, metadata) values ('af544205-6707-4774-8751-def2f32215ef','00000000-0000-0000-0000-000000000001','user','ceb821d2-331c-4351-b690-96f8424de20a','30000000-0000-0000-0000-000000000001',1,'granted',now(),'seed','4dd6feeed84f46dcd045492852306c3df52e5440a337a8d32641ddf0f0ac11c7','{}','{"trust_score":0.97}');insert into public.consent_expirations (tenant_id, user_consent_id, expires_at, expiration_policy) values ('00000000-0000-0000-0000-000000000001','af544205-6707-4774-8751-def2f32215ef','2026-06-09T17:09:57.051Z','rolling_90_day');
insert into public.user_consents (id, tenant_id, subject_type, subject_id, scope_id, scope_version, status, granted_at, source_channel, proof_hash, policy_snapshot, metadata) values ('f8f2dd54-b57e-4342-a01f-f7083c3e51d6','00000000-0000-0000-0000-000000000001','user','e2c1b3ed-20e0-46d0-a537-d5fb850645dd','30000000-0000-0000-0000-000000000001',1,'granted',now(),'seed','cc354040bd9d52da214a960110a073fb30262688a1636020320c5aa7cef0d52d','{}','{"trust_score":0.8945}');insert into public.consent_expirations (tenant_id, user_consent_id, expires_at, expiration_policy) values ('00000000-0000-0000-0000-000000000001','f8f2dd54-b57e-4342-a01f-f7083c3e51d6','2026-06-10T17:09:57.051Z','rolling_90_day');
insert into public.user_consents (id, tenant_id, subject_type, subject_id, scope_id, scope_version, status, granted_at, source_channel, proof_hash, policy_snapshot, metadata) values ('b33e2028-c867-46a3-8ddf-f2474a939f46','00000000-0000-0000-0000-000000000001','user','07c01c4a-ba4c-481a-9c90-deaa2ffe1523','30000000-0000-0000-0000-000000000001',1,'granted',now(),'seed','4d2e355c28b77fa47ddb9de9f9050cf083c0d033f924a0fa3c5b5b0159d41e16','{}','{"trust_score":0.8458}');insert into public.consent_expirations (tenant_id, user_consent_id, expires_at, expiration_policy) values ('00000000-0000-0000-0000-000000000001','b33e2028-c867-46a3-8ddf-f2474a939f46','2026-06-11T17:09:57.051Z','rolling_90_day');
insert into public.user_consents (id, tenant_id, subject_type, subject_id, scope_id, scope_version, status, granted_at, source_channel, proof_hash, policy_snapshot, metadata) values ('9646f404-e95d-460b-9dbb-d2ca3ab64dfd','00000000-0000-0000-0000-000000000001','user','37bbdeb6-48b6-436d-97f2-f32fe003f2c8','30000000-0000-0000-0000-000000000001',1,'revoked',now(),'seed','c0f315f5dce5f0938e8d73dbcc86350692f2a044f0731cd36c921435601c0f7b','{}','{"trust_score":0.6436}');insert into public.consent_expirations (tenant_id, user_consent_id, expires_at, expiration_policy) values ('00000000-0000-0000-0000-000000000001','9646f404-e95d-460b-9dbb-d2ca3ab64dfd','2026-06-12T17:09:57.051Z','rolling_90_day');insert into public.consent_revocations (tenant_id, user_consent_id, revoked_at, reason, initiated_by_type, metadata) values ('00000000-0000-0000-0000-000000000001','9646f404-e95d-460b-9dbb-d2ca3ab64dfd','2026-04-26T17:09:57.051Z','user_request','user','{"source":"mock-seed"}');
insert into public.user_consents (id, tenant_id, subject_type, subject_id, scope_id, scope_version, status, granted_at, source_channel, proof_hash, policy_snapshot, metadata) values ('4e6d5bcc-c778-42da-8161-2456109e0bba','00000000-0000-0000-0000-000000000001','user','3f28d33d-9f0b-443d-8fdb-c054d3eb789c','30000000-0000-0000-0000-000000000001',1,'expired',now(),'seed','bdcc53f21729b76f36addef928c0500de658f1e93beb6fb39a7f8fd794be4d1f','{}','{"trust_score":0.6937}');insert into public.consent_expirations (tenant_id, user_consent_id, expires_at, expiration_policy) values ('00000000-0000-0000-0000-000000000001','4e6d5bcc-c778-42da-8161-2456109e0bba','2026-05-02T17:09:57.051Z','rolling_90_day');
insert into public.user_consents (id, tenant_id, subject_type, subject_id, scope_id, scope_version, status, granted_at, source_channel, proof_hash, policy_snapshot, metadata) values ('6b271033-ed25-4a3f-a518-c50167bcbc43','00000000-0000-0000-0000-000000000001','user','dfbffc03-adb8-4a10-af15-b1282da830ea','30000000-0000-0000-0000-000000000001',1,'granted',now(),'seed','2b039871d090f37a65d1f213b38f2492e852a951dc694068b83663c9a0af56cf','{}','{"trust_score":0.8557}');insert into public.consent_expirations (tenant_id, user_consent_id, expires_at, expiration_policy) values ('00000000-0000-0000-0000-000000000001','6b271033-ed25-4a3f-a518-c50167bcbc43','2026-06-14T17:09:57.051Z','rolling_90_day');
insert into public.user_consents (id, tenant_id, subject_type, subject_id, scope_id, scope_version, status, granted_at, source_channel, proof_hash, policy_snapshot, metadata) values ('43450be6-37ee-469f-8acd-40aeb4e11efb','00000000-0000-0000-0000-000000000001','user','55a8e67e-82c8-452c-8700-ff0dadd66e81','30000000-0000-0000-0000-000000000001',1,'granted',now(),'seed','413c453d59fc2de212ac669f7a0edb5e0e119e8c628aa4ebd12e40013a1ff2c5','{}','{"trust_score":0.9917}');insert into public.consent_expirations (tenant_id, user_consent_id, expires_at, expiration_policy) values ('00000000-0000-0000-0000-000000000001','43450be6-37ee-469f-8acd-40aeb4e11efb','2026-06-15T17:09:57.051Z','rolling_90_day');
insert into public.user_consents (id, tenant_id, subject_type, subject_id, scope_id, scope_version, status, granted_at, source_channel, proof_hash, policy_snapshot, metadata) values ('bc12151c-aa0f-4e64-b476-d1ece6a0b045','00000000-0000-0000-0000-000000000001','user','261f2c6c-123c-492a-8526-bf870a65e159','30000000-0000-0000-0000-000000000001',1,'granted',now(),'seed','70612047c9d7e623911690a12b888b86687d494df14888c2d3856d25b8004a28','{}','{"trust_score":0.8424}');insert into public.consent_expirations (tenant_id, user_consent_id, expires_at, expiration_policy) values ('00000000-0000-0000-0000-000000000001','bc12151c-aa0f-4e64-b476-d1ece6a0b045','2026-06-16T17:09:57.051Z','rolling_90_day');
insert into public.user_consents (id, tenant_id, subject_type, subject_id, scope_id, scope_version, status, granted_at, source_channel, proof_hash, policy_snapshot, metadata) values ('f6f4605d-9505-42bb-86d8-9ba23e521a3a','00000000-0000-0000-0000-000000000001','user','5cabdd30-34b3-49ac-95de-4997a66cadd2','30000000-0000-0000-0000-000000000001',1,'granted',now(),'seed','c2feb5f2ddbd136c626ce31dcc5c67709e61ce86b401b799ff24112f253fd1e6','{}','{"trust_score":0.9936}');insert into public.consent_expirations (tenant_id, user_consent_id, expires_at, expiration_policy) values ('00000000-0000-0000-0000-000000000001','f6f4605d-9505-42bb-86d8-9ba23e521a3a','2026-06-17T17:09:57.051Z','rolling_90_day');
insert into public.user_consents (id, tenant_id, subject_type, subject_id, scope_id, scope_version, status, granted_at, source_channel, proof_hash, policy_snapshot, metadata) values ('610df520-0d84-4be2-b432-ad0aef1616b4','00000000-0000-0000-0000-000000000001','user','75582c7f-2110-4f8f-8b13-51abb0ebfc6d','30000000-0000-0000-0000-000000000001',1,'granted',now(),'seed','caf78e743c75ed4f655623bd40a9fe643b01e6f40c857cdbc639733c5ed7cdc4','{}','{"trust_score":0.7475}');insert into public.consent_expirations (tenant_id, user_consent_id, expires_at, expiration_policy) values ('00000000-0000-0000-0000-000000000001','610df520-0d84-4be2-b432-ad0aef1616b4','2026-06-18T17:09:57.051Z','rolling_90_day');
insert into public.user_consents (id, tenant_id, subject_type, subject_id, scope_id, scope_version, status, granted_at, source_channel, proof_hash, policy_snapshot, metadata) values ('be4e2125-5e42-47a7-9425-52245de0c587','00000000-0000-0000-0000-000000000001','user','ff2bfb4a-6e9f-4fad-bc48-399aa48f77f7','30000000-0000-0000-0000-000000000001',1,'granted',now(),'seed','6dd074cce3fd4b930fa04cf8c1d5a63d57b99397f91993cb837b53f3ccc5fc2f','{}','{"trust_score":0.5129}');insert into public.consent_expirations (tenant_id, user_consent_id, expires_at, expiration_policy) values ('00000000-0000-0000-0000-000000000001','be4e2125-5e42-47a7-9425-52245de0c587','2026-06-19T17:09:57.051Z','rolling_90_day');
insert into public.user_consents (id, tenant_id, subject_type, subject_id, scope_id, scope_version, status, granted_at, source_channel, proof_hash, policy_snapshot, metadata) values ('0decf8e6-226b-4d81-b0f0-f6e16aaafb0b','00000000-0000-0000-0000-000000000001','user','d8e88309-26fa-4c81-a2dd-d3fbcf41c063','30000000-0000-0000-0000-000000000001',1,'granted',now(),'seed','4cabab265e5e37d86c7c71e90a6613126241a1fee5bf14c4c8521861c94ed5ac','{}','{"trust_score":0.9393}');insert into public.consent_expirations (tenant_id, user_consent_id, expires_at, expiration_policy) values ('00000000-0000-0000-0000-000000000001','0decf8e6-226b-4d81-b0f0-f6e16aaafb0b','2026-06-20T17:09:57.051Z','rolling_90_day');
insert into public.user_consents (id, tenant_id, subject_type, subject_id, scope_id, scope_version, status, granted_at, source_channel, proof_hash, policy_snapshot, metadata) values ('c583feef-f0a5-471d-8c7c-4e1c059fb452','00000000-0000-0000-0000-000000000001','user','324a9679-6376-4581-a1bc-a964505321a1','30000000-0000-0000-0000-000000000001',1,'granted',now(),'seed','51fac31213f85db46d5c5e7ad81657a363b8163fb20749bee2bfc94ede5010b8','{}','{"trust_score":0.7864}');insert into public.consent_expirations (tenant_id, user_consent_id, expires_at, expiration_policy) values ('00000000-0000-0000-0000-000000000001','c583feef-f0a5-471d-8c7c-4e1c059fb452','2026-06-21T17:09:57.051Z','rolling_90_day');
insert into public.user_consents (id, tenant_id, subject_type, subject_id, scope_id, scope_version, status, granted_at, source_channel, proof_hash, policy_snapshot, metadata) values ('f8aaa101-c8eb-4828-816f-8a58ee9acf0b','00000000-0000-0000-0000-000000000001','user','1507535d-8be5-488f-91d7-0897eed6c523','30000000-0000-0000-0000-000000000001',1,'revoked',now(),'seed','e777e4a00736d1ad010c52802ad9144c63d085a9837df996cbc51bb3d5ef420a','{}','{"trust_score":0.6374}');insert into public.consent_expirations (tenant_id, user_consent_id, expires_at, expiration_policy) values ('00000000-0000-0000-0000-000000000001','f8aaa101-c8eb-4828-816f-8a58ee9acf0b','2026-06-22T17:09:57.051Z','rolling_90_day');insert into public.consent_revocations (tenant_id, user_consent_id, revoked_at, reason, initiated_by_type, metadata) values ('00000000-0000-0000-0000-000000000001','f8aaa101-c8eb-4828-816f-8a58ee9acf0b','2026-05-06T17:09:57.051Z','user_request','user','{"source":"mock-seed"}');
insert into public.user_consents (id, tenant_id, subject_type, subject_id, scope_id, scope_version, status, granted_at, source_channel, proof_hash, policy_snapshot, metadata) values ('12d93af0-fd37-46ba-a646-a866cdc4be55','00000000-0000-0000-0000-000000000001','user','a8fb08ec-1710-4556-b742-4b03ecd5d7f0','30000000-0000-0000-0000-000000000001',1,'expired',now(),'seed','96e38844c93e3303552f70838b4175f246b2f1af5a69506247820a2b4ea37c1a','{}','{"trust_score":0.6325}');insert into public.consent_expirations (tenant_id, user_consent_id, expires_at, expiration_policy) values ('00000000-0000-0000-0000-000000000001','12d93af0-fd37-46ba-a646-a866cdc4be55','2026-04-29T17:09:57.051Z','rolling_90_day');
insert into public.user_consents (id, tenant_id, subject_type, subject_id, scope_id, scope_version, status, granted_at, source_channel, proof_hash, policy_snapshot, metadata) values ('51ef4f16-7e9a-4636-8784-4d4d7d043850','00000000-0000-0000-0000-000000000001','user','3782aa8e-09df-4f78-81cd-922640e22d2f','30000000-0000-0000-0000-000000000001',1,'granted',now(),'seed','6b2be7af45077c9b03c278dd7018abaf446825c80143365a7e9e45e18b381c0a','{}','{"trust_score":0.8698}');insert into public.consent_expirations (tenant_id, user_consent_id, expires_at, expiration_policy) values ('00000000-0000-0000-0000-000000000001','51ef4f16-7e9a-4636-8784-4d4d7d043850','2026-06-24T17:09:57.051Z','rolling_90_day');
insert into public.user_consents (id, tenant_id, subject_type, subject_id, scope_id, scope_version, status, granted_at, source_channel, proof_hash, policy_snapshot, metadata) values ('f7e5b438-9789-4590-9627-4dce5ad1ff7c','00000000-0000-0000-0000-000000000001','user','e7daa34d-2c3d-47b9-9767-5b5041d6339c','30000000-0000-0000-0000-000000000001',1,'granted',now(),'seed','3bd69e98da797630a3fcfb804e891e24f313ccc55e6938ccb35d40fde93d6473','{}','{"trust_score":0.884}');insert into public.consent_expirations (tenant_id, user_consent_id, expires_at, expiration_policy) values ('00000000-0000-0000-0000-000000000001','f7e5b438-9789-4590-9627-4dce5ad1ff7c','2026-06-25T17:09:57.051Z','rolling_90_day');
insert into public.user_consents (id, tenant_id, subject_type, subject_id, scope_id, scope_version, status, granted_at, source_channel, proof_hash, policy_snapshot, metadata) values ('84276fbe-e841-44f1-90c9-f30ad5f04723','00000000-0000-0000-0000-000000000001','user','e7b5c886-0e7e-49fc-a413-15147b0067e6','30000000-0000-0000-0000-000000000001',1,'granted',now(),'seed','337473a4caa5a703ee0e49c6342da29a9cdc2b3967dbd293e6e60b41da8101b5','{}','{"trust_score":0.9453}');insert into public.consent_expirations (tenant_id, user_consent_id, expires_at, expiration_policy) values ('00000000-0000-0000-0000-000000000001','84276fbe-e841-44f1-90c9-f30ad5f04723','2026-06-26T17:09:57.051Z','rolling_90_day');
insert into public.user_consents (id, tenant_id, subject_type, subject_id, scope_id, scope_version, status, granted_at, source_channel, proof_hash, policy_snapshot, metadata) values ('e135d089-f6b9-4529-bf87-9663363f8282','00000000-0000-0000-0000-000000000001','user','df3893a7-294f-4f78-b584-c2ffbb1edb50','30000000-0000-0000-0000-000000000001',1,'granted',now(),'seed','0f0c20f1e3d7a18c4311ed5c53b5e0fd71c6b0aefbad8464c878978891771b78','{}','{"trust_score":0.8502}');insert into public.consent_expirations (tenant_id, user_consent_id, expires_at, expiration_policy) values ('00000000-0000-0000-0000-000000000001','e135d089-f6b9-4529-bf87-9663363f8282','2026-06-27T17:09:57.051Z','rolling_90_day');
insert into public.user_consents (id, tenant_id, subject_type, subject_id, scope_id, scope_version, status, granted_at, source_channel, proof_hash, policy_snapshot, metadata) values ('e359b3b9-378d-4dce-8fa1-f11f014f24e3','00000000-0000-0000-0000-000000000001','user','b367a32d-1fba-423b-8352-003c4b00580e','30000000-0000-0000-0000-000000000001',1,'granted',now(),'seed','07da25948332d1af5df8c8a9e7d42991aa39cd17c26abaab7e716d2a72cc31d9','{}','{"trust_score":0.6066}');insert into public.consent_expirations (tenant_id, user_consent_id, expires_at, expiration_policy) values ('00000000-0000-0000-0000-000000000001','e359b3b9-378d-4dce-8fa1-f11f014f24e3','2026-06-28T17:09:57.051Z','rolling_90_day');
insert into public.user_consents (id, tenant_id, subject_type, subject_id, scope_id, scope_version, status, granted_at, source_channel, proof_hash, policy_snapshot, metadata) values ('96ed3f12-9475-4fb6-aed9-a9a26aec4de5','00000000-0000-0000-0000-000000000001','user','09100cc8-140e-404c-a90e-e2b4000ec807','30000000-0000-0000-0000-000000000001',1,'granted',now(),'seed','4a686e59cf8e74cb651796bb256ac80b077452076f224deba2b8eec751439269','{}','{"trust_score":0.4728}');insert into public.consent_expirations (tenant_id, user_consent_id, expires_at, expiration_policy) values ('00000000-0000-0000-0000-000000000001','96ed3f12-9475-4fb6-aed9-a9a26aec4de5','2026-06-29T17:09:57.051Z','rolling_90_day');
insert into public.user_consents (id, tenant_id, subject_type, subject_id, scope_id, scope_version, status, granted_at, source_channel, proof_hash, policy_snapshot, metadata) values ('456414fe-b2d7-4561-837b-79db7ccdfb61','00000000-0000-0000-0000-000000000001','user','0afd816f-c4aa-4f3a-89bf-b1f19a30d347','30000000-0000-0000-0000-000000000001',1,'granted',now(),'seed','33de7a4e8f2c684d28f1355714c324a65cbf54cb4f6d1c8722abe9490e0d5c02','{}','{"trust_score":0.7971}');insert into public.consent_expirations (tenant_id, user_consent_id, expires_at, expiration_policy) values ('00000000-0000-0000-0000-000000000001','456414fe-b2d7-4561-837b-79db7ccdfb61','2026-06-30T17:09:57.051Z','rolling_90_day');
insert into public.user_consents (id, tenant_id, subject_type, subject_id, scope_id, scope_version, status, granted_at, source_channel, proof_hash, policy_snapshot, metadata) values ('e0f90922-3fd6-4510-b49a-9e53a8acd66c','00000000-0000-0000-0000-000000000001','user','0d0dee17-3cfd-4958-81aa-712f39b59484','30000000-0000-0000-0000-000000000001',1,'granted',now(),'seed','03b1811af78dd38e30ea56c390ee4dc00edb62a4c774f205e229df5d1dafd8cf','{}','{"trust_score":0.4989}');insert into public.consent_expirations (tenant_id, user_consent_id, expires_at, expiration_policy) values ('00000000-0000-0000-0000-000000000001','e0f90922-3fd6-4510-b49a-9e53a8acd66c','2026-07-01T17:09:57.051Z','rolling_90_day');
insert into public.user_consents (id, tenant_id, subject_type, subject_id, scope_id, scope_version, status, granted_at, source_channel, proof_hash, policy_snapshot, metadata) values ('9adfe62c-0325-488f-b7f9-478e94d2cebe','00000000-0000-0000-0000-000000000001','user','3b197db5-9e27-462d-9e11-4c7874af1be7','30000000-0000-0000-0000-000000000001',1,'revoked',now(),'seed','23ebb7a4ac0a3cb107c8282ca1beba207c62f933ab410136226f671ff4a0d49c','{}','{"trust_score":0.6325}');insert into public.consent_expirations (tenant_id, user_consent_id, expires_at, expiration_policy) values ('00000000-0000-0000-0000-000000000001','9adfe62c-0325-488f-b7f9-478e94d2cebe','2026-07-02T17:09:57.051Z','rolling_90_day');insert into public.consent_revocations (tenant_id, user_consent_id, revoked_at, reason, initiated_by_type, metadata) values ('00000000-0000-0000-0000-000000000001','9adfe62c-0325-488f-b7f9-478e94d2cebe','2026-04-26T17:09:57.051Z','user_request','user','{"source":"mock-seed"}');
insert into public.user_consents (id, tenant_id, subject_type, subject_id, scope_id, scope_version, status, granted_at, source_channel, proof_hash, policy_snapshot, metadata) values ('ebc250e3-b0b4-487e-8811-f25558c80475','00000000-0000-0000-0000-000000000001','user','cf3e37a2-82ce-4bf0-afa6-1f0562f88b06','30000000-0000-0000-0000-000000000001',1,'expired',now(),'seed','7707ca0436eec4c94b07f8cd1dee7c2459fa3255c54888e60e4c98ddb76ec9e9','{}','{"trust_score":0.6807}');insert into public.consent_expirations (tenant_id, user_consent_id, expires_at, expiration_policy) values ('00000000-0000-0000-0000-000000000001','ebc250e3-b0b4-487e-8811-f25558c80475','2026-05-03T17:09:57.051Z','rolling_90_day');
insert into public.user_consents (id, tenant_id, subject_type, subject_id, scope_id, scope_version, status, granted_at, source_channel, proof_hash, policy_snapshot, metadata) values ('bbe741b9-8438-4124-8f6f-d9cc83cdf7bb','00000000-0000-0000-0000-000000000001','user','4a982751-2132-4313-ac3b-f4308f27b85a','30000000-0000-0000-0000-000000000001',1,'granted',now(),'seed','91ac23b16dab472ead72d544f515f1fc8c3df8be616975ae5c795b5efc8c1f08','{}','{"trust_score":0.5365}');insert into public.consent_expirations (tenant_id, user_consent_id, expires_at, expiration_policy) values ('00000000-0000-0000-0000-000000000001','bbe741b9-8438-4124-8f6f-d9cc83cdf7bb','2026-07-04T17:09:57.051Z','rolling_90_day');
insert into public.user_consents (id, tenant_id, subject_type, subject_id, scope_id, scope_version, status, granted_at, source_channel, proof_hash, policy_snapshot, metadata) values ('a9fcf264-a01c-4595-bba5-b53a98f58097','00000000-0000-0000-0000-000000000001','user','9b1e512b-f1b1-4072-99d3-cd34d98b17a8','30000000-0000-0000-0000-000000000001',1,'granted',now(),'seed','f17da02858dcfd263d3e6339da0ed32673f49f004500c27731db3a4628c55773','{}','{"trust_score":0.5834}');insert into public.consent_expirations (tenant_id, user_consent_id, expires_at, expiration_policy) values ('00000000-0000-0000-0000-000000000001','a9fcf264-a01c-4595-bba5-b53a98f58097','2026-07-05T17:09:57.051Z','rolling_90_day');
insert into public.user_consents (id, tenant_id, subject_type, subject_id, scope_id, scope_version, status, granted_at, source_channel, proof_hash, policy_snapshot, metadata) values ('c2735117-fddc-44b9-b1ff-ba85bf098def','00000000-0000-0000-0000-000000000001','user','bb2a535a-12cc-4fae-a7e1-0e7c2773bc04','30000000-0000-0000-0000-000000000001',1,'granted',now(),'seed','8c9a53b0544aa5c053f7254aea88a8d96e51aae3d27a06863f9f3f9cc71f620d','{}','{"trust_score":0.6292}');insert into public.consent_expirations (tenant_id, user_consent_id, expires_at, expiration_policy) values ('00000000-0000-0000-0000-000000000001','c2735117-fddc-44b9-b1ff-ba85bf098def','2026-07-06T17:09:57.051Z','rolling_90_day');
insert into public.user_consents (id, tenant_id, subject_type, subject_id, scope_id, scope_version, status, granted_at, source_channel, proof_hash, policy_snapshot, metadata) values ('75473d95-1b59-417b-a2e1-0effb054bbf4','00000000-0000-0000-0000-000000000001','user','8c4df77c-eebf-481e-bf1d-282fa4176707','30000000-0000-0000-0000-000000000001',1,'granted',now(),'seed','1d0903511671dabf71873c9636b817c191ca447131b3861f6ac66ee2cc7b47a6','{}','{"trust_score":0.5255}');insert into public.consent_expirations (tenant_id, user_consent_id, expires_at, expiration_policy) values ('00000000-0000-0000-0000-000000000001','75473d95-1b59-417b-a2e1-0effb054bbf4','2026-07-07T17:09:57.051Z','rolling_90_day');
insert into public.user_consents (id, tenant_id, subject_type, subject_id, scope_id, scope_version, status, granted_at, source_channel, proof_hash, policy_snapshot, metadata) values ('a3335e36-e12a-4079-b177-3c934fc0f079','00000000-0000-0000-0000-000000000001','user','56c5ac8a-d171-480e-9cfb-caf8bb1c06e2','30000000-0000-0000-0000-000000000001',1,'granted',now(),'seed','42ba2d5f446751931053e277d8a7b7af864d0cc8fc2df75d3d13bbf89522ff92','{}','{"trust_score":0.6348}');insert into public.consent_expirations (tenant_id, user_consent_id, expires_at, expiration_policy) values ('00000000-0000-0000-0000-000000000001','a3335e36-e12a-4079-b177-3c934fc0f079','2026-07-08T17:09:57.051Z','rolling_90_day');
insert into public.user_consents (id, tenant_id, subject_type, subject_id, scope_id, scope_version, status, granted_at, source_channel, proof_hash, policy_snapshot, metadata) values ('6ae981a7-f6dc-4be2-90fc-ed377f44f3da','00000000-0000-0000-0000-000000000001','user','57d3dd1e-3d9c-4a13-85df-c4dcb9d570fe','30000000-0000-0000-0000-000000000001',1,'granted',now(),'seed','281155e12aff936e4c3436164cf3882111e65391a2e9f0594bc23376923fffbf','{}','{"trust_score":0.6946}');insert into public.consent_expirations (tenant_id, user_consent_id, expires_at, expiration_policy) values ('00000000-0000-0000-0000-000000000001','6ae981a7-f6dc-4be2-90fc-ed377f44f3da','2026-07-09T17:09:57.051Z','rolling_90_day');
insert into public.user_consents (id, tenant_id, subject_type, subject_id, scope_id, scope_version, status, granted_at, source_channel, proof_hash, policy_snapshot, metadata) values ('a5e6bc04-b8d1-40c0-bf04-55967df69e6b','00000000-0000-0000-0000-000000000001','user','82721407-30c9-475d-94ea-a44481a2b585','30000000-0000-0000-0000-000000000001',1,'granted',now(),'seed','9d4d0d38f86c4a8e74508cc8d4daf7a0cbeadbe53a9ba8d40627b443deb96aa9','{}','{"trust_score":0.687}');insert into public.consent_expirations (tenant_id, user_consent_id, expires_at, expiration_policy) values ('00000000-0000-0000-0000-000000000001','a5e6bc04-b8d1-40c0-bf04-55967df69e6b','2026-07-10T17:09:57.051Z','rolling_90_day');
insert into public.user_consents (id, tenant_id, subject_type, subject_id, scope_id, scope_version, status, granted_at, source_channel, proof_hash, policy_snapshot, metadata) values ('a0943bd1-3d7a-48ac-9914-337bda955da9','00000000-0000-0000-0000-000000000001','user','ec01fb72-4bc2-4c09-8f46-7f01cfa3ff97','30000000-0000-0000-0000-000000000001',1,'granted',now(),'seed','70fc41644313b85dd285b624cb5a4e2721de91b6def0b7b914fbb1f564c1ee79','{}','{"trust_score":0.9577}');insert into public.consent_expirations (tenant_id, user_consent_id, expires_at, expiration_policy) values ('00000000-0000-0000-0000-000000000001','a0943bd1-3d7a-48ac-9914-337bda955da9','2026-07-11T17:09:57.051Z','rolling_90_day');
insert into public.user_consents (id, tenant_id, subject_type, subject_id, scope_id, scope_version, status, granted_at, source_channel, proof_hash, policy_snapshot, metadata) values ('c0698cec-fd33-4c47-92b0-e116e0c84b99','00000000-0000-0000-0000-000000000001','user','48a13c48-886b-4825-b733-620feceeccf2','30000000-0000-0000-0000-000000000001',1,'revoked',now(),'seed','28baeb2b3be0ab50e1d858f77f734a0aa82e0b78efd4b374440126a145b739fb','{}','{"trust_score":0.9269}');insert into public.consent_expirations (tenant_id, user_consent_id, expires_at, expiration_policy) values ('00000000-0000-0000-0000-000000000001','c0698cec-fd33-4c47-92b0-e116e0c84b99','2026-07-12T17:09:57.051Z','rolling_90_day');insert into public.consent_revocations (tenant_id, user_consent_id, revoked_at, reason, initiated_by_type, metadata) values ('00000000-0000-0000-0000-000000000001','c0698cec-fd33-4c47-92b0-e116e0c84b99','2026-05-06T17:09:57.051Z','user_request','user','{"source":"mock-seed"}');
insert into public.user_consents (id, tenant_id, subject_type, subject_id, scope_id, scope_version, status, granted_at, source_channel, proof_hash, policy_snapshot, metadata) values ('07e21144-f013-4440-ac40-2dc3529247c0','00000000-0000-0000-0000-000000000001','user','8b480b63-b1f5-4488-b15f-243e7052cffa','30000000-0000-0000-0000-000000000001',1,'expired',now(),'seed','85aee711399bd98064af0b84af2523c7f22714f500b16c892d736f39a461b600','{}','{"trust_score":0.6281}');insert into public.consent_expirations (tenant_id, user_consent_id, expires_at, expiration_policy) values ('00000000-0000-0000-0000-000000000001','07e21144-f013-4440-ac40-2dc3529247c0','2026-04-30T17:09:57.051Z','rolling_90_day');
insert into public.user_consents (id, tenant_id, subject_type, subject_id, scope_id, scope_version, status, granted_at, source_channel, proof_hash, policy_snapshot, metadata) values ('b1fc7b73-acce-42db-9224-889b2cac560c','00000000-0000-0000-0000-000000000001','user','2546708b-551f-425f-be37-64dd5582baa2','30000000-0000-0000-0000-000000000001',1,'granted',now(),'seed','63aac1e110eb66466dc1de588561208c1ad77268273e35aaccd7e1dc8703b7a0','{}','{"trust_score":0.6253}');insert into public.consent_expirations (tenant_id, user_consent_id, expires_at, expiration_policy) values ('00000000-0000-0000-0000-000000000001','b1fc7b73-acce-42db-9224-889b2cac560c','2026-07-14T17:09:57.051Z','rolling_90_day');
insert into public.user_consents (id, tenant_id, subject_type, subject_id, scope_id, scope_version, status, granted_at, source_channel, proof_hash, policy_snapshot, metadata) values ('42e23ff4-060a-4d80-8899-923c6ded8d07','00000000-0000-0000-0000-000000000001','user','1b954870-0283-432a-8b1b-680a3c0b300e','30000000-0000-0000-0000-000000000001',1,'granted',now(),'seed','a9d658538fb0079ea503ef7564b7dd75fa15ff181caf6d07f1e3c053100582e0','{}','{"trust_score":0.684}');insert into public.consent_expirations (tenant_id, user_consent_id, expires_at, expiration_policy) values ('00000000-0000-0000-0000-000000000001','42e23ff4-060a-4d80-8899-923c6ded8d07','2026-07-15T17:09:57.051Z','rolling_90_day');
insert into public.user_consents (id, tenant_id, subject_type, subject_id, scope_id, scope_version, status, granted_at, source_channel, proof_hash, policy_snapshot, metadata) values ('942d0ee7-0360-4b5c-9e9d-588f397f70d3','00000000-0000-0000-0000-000000000001','user','7f27c88b-7433-42b2-9a3b-934e447f516b','30000000-0000-0000-0000-000000000001',1,'granted',now(),'seed','a8d109ebdc350f1a8eb407c5a07a5da523d5d3b90559aa251f72f7e50fb5261e','{}','{"trust_score":0.4867}');insert into public.consent_expirations (tenant_id, user_consent_id, expires_at, expiration_policy) values ('00000000-0000-0000-0000-000000000001','942d0ee7-0360-4b5c-9e9d-588f397f70d3','2026-07-16T17:09:57.051Z','rolling_90_day');
insert into public.user_consents (id, tenant_id, subject_type, subject_id, scope_id, scope_version, status, granted_at, source_channel, proof_hash, policy_snapshot, metadata) values ('38d1880b-b620-4d52-91fc-72048fca5668','00000000-0000-0000-0000-000000000001','user','7af2b3d1-cc77-4724-8849-e416b88a57d1','30000000-0000-0000-0000-000000000001',1,'granted',now(),'seed','1df3e6877680c902ec1a7dd422bbd83f4269b3e4d0ec2216a393c2d85b8d5abb','{}','{"trust_score":0.8613}');insert into public.consent_expirations (tenant_id, user_consent_id, expires_at, expiration_policy) values ('00000000-0000-0000-0000-000000000001','38d1880b-b620-4d52-91fc-72048fca5668','2026-07-17T17:09:57.051Z','rolling_90_day');
insert into public.user_consents (id, tenant_id, subject_type, subject_id, scope_id, scope_version, status, granted_at, source_channel, proof_hash, policy_snapshot, metadata) values ('aa7b591c-6c02-4691-8be1-69b432da8679','00000000-0000-0000-0000-000000000001','user','8d487590-8236-4d46-9436-3452b56755d7','30000000-0000-0000-0000-000000000001',1,'granted',now(),'seed','827d6afa82ac18a62e8e944958badb416caa0715c2ba57b2b2496953771698a8','{}','{"trust_score":0.6208}');insert into public.consent_expirations (tenant_id, user_consent_id, expires_at, expiration_policy) values ('00000000-0000-0000-0000-000000000001','aa7b591c-6c02-4691-8be1-69b432da8679','2026-07-18T17:09:57.051Z','rolling_90_day');
insert into public.user_consents (id, tenant_id, subject_type, subject_id, scope_id, scope_version, status, granted_at, source_channel, proof_hash, policy_snapshot, metadata) values ('dcf878b4-8127-442a-ad46-6b8fa5108baf','00000000-0000-0000-0000-000000000001','user','3952118d-0689-4565-9f38-3bb8d01e14cf','30000000-0000-0000-0000-000000000001',1,'granted',now(),'seed','09c48f4cb028bf83358293eb99e0e804d95a9810719119154f798c9118dfc5cd','{}','{"trust_score":0.587}');insert into public.consent_expirations (tenant_id, user_consent_id, expires_at, expiration_policy) values ('00000000-0000-0000-0000-000000000001','dcf878b4-8127-442a-ad46-6b8fa5108baf','2026-07-19T17:09:57.051Z','rolling_90_day');
insert into public.user_consents (id, tenant_id, subject_type, subject_id, scope_id, scope_version, status, granted_at, source_channel, proof_hash, policy_snapshot, metadata) values ('5a2f50bb-6821-4d6e-8872-30b5badf32ed','00000000-0000-0000-0000-000000000001','user','19d5806d-7e2b-46c9-90a1-b985419c3ee7','30000000-0000-0000-0000-000000000001',1,'granted',now(),'seed','2cddcd578b434715f7e6d8d11c5972ef9bae2d9bd44662a054f9189b1830ce0e','{}','{"trust_score":0.6075}');insert into public.consent_expirations (tenant_id, user_consent_id, expires_at, expiration_policy) values ('00000000-0000-0000-0000-000000000001','5a2f50bb-6821-4d6e-8872-30b5badf32ed','2026-07-20T17:09:57.051Z','rolling_90_day');
insert into public.user_consents (id, tenant_id, subject_type, subject_id, scope_id, scope_version, status, granted_at, source_channel, proof_hash, policy_snapshot, metadata) values ('9790b8a4-de1d-4c77-864c-75a9ef305a46','00000000-0000-0000-0000-000000000001','user','6ce44725-3c3a-4eb6-b54d-323cf1ba8abb','30000000-0000-0000-0000-000000000001',1,'granted',now(),'seed','e38ff43ebdd78abcfa14ee3c9dfbd40de89a6c69fe6fb240f5bc5280d96c0644','{}','{"trust_score":0.9205}');insert into public.consent_expirations (tenant_id, user_consent_id, expires_at, expiration_policy) values ('00000000-0000-0000-0000-000000000001','9790b8a4-de1d-4c77-864c-75a9ef305a46','2026-07-21T17:09:57.051Z','rolling_90_day');
insert into public.user_consents (id, tenant_id, subject_type, subject_id, scope_id, scope_version, status, granted_at, source_channel, proof_hash, policy_snapshot, metadata) values ('60c854b5-4ae6-438e-b507-86ede837bb5b','00000000-0000-0000-0000-000000000001','user','4f24588d-0c3d-47f8-a362-55834654d7f4','30000000-0000-0000-0000-000000000001',1,'revoked',now(),'seed','b904038d514e5ba30542fecfb52b80294232cc6e66bea2f989a87bb77bc7316d','{}','{"trust_score":0.8531}');insert into public.consent_expirations (tenant_id, user_consent_id, expires_at, expiration_policy) values ('00000000-0000-0000-0000-000000000001','60c854b5-4ae6-438e-b507-86ede837bb5b','2026-07-22T17:09:57.051Z','rolling_90_day');insert into public.consent_revocations (tenant_id, user_consent_id, revoked_at, reason, initiated_by_type, metadata) values ('00000000-0000-0000-0000-000000000001','60c854b5-4ae6-438e-b507-86ede837bb5b','2026-04-26T17:09:57.051Z','user_request','user','{"source":"mock-seed"}');
insert into public.user_consents (id, tenant_id, subject_type, subject_id, scope_id, scope_version, status, granted_at, source_channel, proof_hash, policy_snapshot, metadata) values ('ee29c9c2-55d4-4866-a207-b6af10702ba7','00000000-0000-0000-0000-000000000001','user','7126e7c8-27cd-4cb0-aa7e-2bb09f82ecb0','30000000-0000-0000-0000-000000000001',1,'expired',now(),'seed','26a7be42ecd003b95b4eba9c9ae2012e8e0682c42a17805ba59bafb7ea6c9889','{}','{"trust_score":0.6198}');insert into public.consent_expirations (tenant_id, user_consent_id, expires_at, expiration_policy) values ('00000000-0000-0000-0000-000000000001','ee29c9c2-55d4-4866-a207-b6af10702ba7','2026-05-04T17:09:57.051Z','rolling_90_day');
insert into public.user_consents (id, tenant_id, subject_type, subject_id, scope_id, scope_version, status, granted_at, source_channel, proof_hash, policy_snapshot, metadata) values ('2e26ebbf-8f6c-4b3a-9f28-428ff405834d','00000000-0000-0000-0000-000000000001','user','8754f3aa-1bda-4a60-84d4-530c05e46577','30000000-0000-0000-0000-000000000001',1,'granted',now(),'seed','8e41f5911837369fe24bfa1ad7231c2de37069faba14b42cf90fca76a97c0643','{}','{"trust_score":0.8666}');insert into public.consent_expirations (tenant_id, user_consent_id, expires_at, expiration_policy) values ('00000000-0000-0000-0000-000000000001','2e26ebbf-8f6c-4b3a-9f28-428ff405834d','2026-07-24T17:09:57.051Z','rolling_90_day');
insert into public.user_consents (id, tenant_id, subject_type, subject_id, scope_id, scope_version, status, granted_at, source_channel, proof_hash, policy_snapshot, metadata) values ('a9f57de8-cfcb-4cb2-ade3-090167a1c8d3','00000000-0000-0000-0000-000000000001','user','586b6682-ac96-4c39-abd0-477622d5bc6c','30000000-0000-0000-0000-000000000001',1,'granted',now(),'seed','3dcf773255f63741ec1a287e16a6b22fb24ac63878bf9ac81485f435029506e3','{}','{"trust_score":0.698}');insert into public.consent_expirations (tenant_id, user_consent_id, expires_at, expiration_policy) values ('00000000-0000-0000-0000-000000000001','a9f57de8-cfcb-4cb2-ade3-090167a1c8d3','2026-07-25T17:09:57.051Z','rolling_90_day');
insert into public.user_consents (id, tenant_id, subject_type, subject_id, scope_id, scope_version, status, granted_at, source_channel, proof_hash, policy_snapshot, metadata) values ('c401229b-371a-482f-991b-640a7a6321a7','00000000-0000-0000-0000-000000000001','user','89a69db7-157b-4834-bd89-6507fe7058c5','30000000-0000-0000-0000-000000000001',1,'granted',now(),'seed','a7aeb42d49afb4d9df26010f39ab7d63c99149c5a3fc32c07a4d474aca095117','{}','{"trust_score":0.9214}');insert into public.consent_expirations (tenant_id, user_consent_id, expires_at, expiration_policy) values ('00000000-0000-0000-0000-000000000001','c401229b-371a-482f-991b-640a7a6321a7','2026-07-26T17:09:57.051Z','rolling_90_day');
insert into public.user_consents (id, tenant_id, subject_type, subject_id, scope_id, scope_version, status, granted_at, source_channel, proof_hash, policy_snapshot, metadata) values ('8177ad90-3569-47f7-9097-2771250e8497','00000000-0000-0000-0000-000000000001','user','99f95c82-45ed-4d16-8b4c-8b37c47dbcc5','30000000-0000-0000-0000-000000000001',1,'granted',now(),'seed','9628d87feef460831b36ef133f5993769a9b23afb5ebf1a26fdb58c0b19ee5f6','{}','{"trust_score":0.5749}');insert into public.consent_expirations (tenant_id, user_consent_id, expires_at, expiration_policy) values ('00000000-0000-0000-0000-000000000001','8177ad90-3569-47f7-9097-2771250e8497','2026-07-27T17:09:57.051Z','rolling_90_day');
insert into public.user_consents (id, tenant_id, subject_type, subject_id, scope_id, scope_version, status, granted_at, source_channel, proof_hash, policy_snapshot, metadata) values ('c7ca10f5-237f-4c57-aef6-b024388a0e4b','00000000-0000-0000-0000-000000000001','user','5dd650ef-3bfc-49f1-b7b0-141aabf640ca','30000000-0000-0000-0000-000000000001',1,'granted',now(),'seed','cd9daaf3c85a2b978334b0c6a5e21577c8dc1545f6a02b1c8868eeff68356f6f','{}','{"trust_score":0.5376}');insert into public.consent_expirations (tenant_id, user_consent_id, expires_at, expiration_policy) values ('00000000-0000-0000-0000-000000000001','c7ca10f5-237f-4c57-aef6-b024388a0e4b','2026-07-28T17:09:57.051Z','rolling_90_day');
insert into public.user_consents (id, tenant_id, subject_type, subject_id, scope_id, scope_version, status, granted_at, source_channel, proof_hash, policy_snapshot, metadata) values ('7a96db1c-f6e5-4457-86df-94b846186d29','00000000-0000-0000-0000-000000000001','user','a5c5d942-f64d-4afb-9cce-08ac866744a8','30000000-0000-0000-0000-000000000001',1,'granted',now(),'seed','af54e41243e8855fba8861f1c69f5aff3f1db3aa87a82f8bccbbaf2ebd0eb2a9','{}','{"trust_score":0.9803}');insert into public.consent_expirations (tenant_id, user_consent_id, expires_at, expiration_policy) values ('00000000-0000-0000-0000-000000000001','7a96db1c-f6e5-4457-86df-94b846186d29','2026-07-29T17:09:57.051Z','rolling_90_day');
insert into public.user_consents (id, tenant_id, subject_type, subject_id, scope_id, scope_version, status, granted_at, source_channel, proof_hash, policy_snapshot, metadata) values ('4b92e247-a0a8-490e-b59c-556f362647cf','00000000-0000-0000-0000-000000000001','user','6f9359fd-838a-4707-94e0-3464eb2f12b0','30000000-0000-0000-0000-000000000001',1,'granted',now(),'seed','f33149a3a56a6f81b996ea5e3198ff88bbabe2940996c8e1e88f15363888c62a','{}','{"trust_score":0.6763}');insert into public.consent_expirations (tenant_id, user_consent_id, expires_at, expiration_policy) values ('00000000-0000-0000-0000-000000000001','4b92e247-a0a8-490e-b59c-556f362647cf','2026-07-30T17:09:57.051Z','rolling_90_day');
insert into public.user_consents (id, tenant_id, subject_type, subject_id, scope_id, scope_version, status, granted_at, source_channel, proof_hash, policy_snapshot, metadata) values ('e4e5d170-b306-4982-acf3-fbebf19dcae2','00000000-0000-0000-0000-000000000001','user','ce1050a4-c3e7-4998-b60f-ec90de0dd678','30000000-0000-0000-0000-000000000001',1,'granted',now(),'seed','bf1fbcf12740121ac5cb480589bf962199941fa7ff3cfedea60e8648e87f5ba6','{}','{"trust_score":0.4864}');insert into public.consent_expirations (tenant_id, user_consent_id, expires_at, expiration_policy) values ('00000000-0000-0000-0000-000000000001','e4e5d170-b306-4982-acf3-fbebf19dcae2','2026-07-31T17:09:57.051Z','rolling_90_day');
insert into public.user_consents (id, tenant_id, subject_type, subject_id, scope_id, scope_version, status, granted_at, source_channel, proof_hash, policy_snapshot, metadata) values ('f8f69b2f-1347-4085-826d-546e5c493b94','00000000-0000-0000-0000-000000000001','user','43e6f179-f615-454d-853d-52ba470b53da','30000000-0000-0000-0000-000000000001',1,'revoked',now(),'seed','d966fa7caf848f3507c4b1c8205ed33e27decceb0e81ae467f74379c8c683fbc','{}','{"trust_score":0.5248}');insert into public.consent_expirations (tenant_id, user_consent_id, expires_at, expiration_policy) values ('00000000-0000-0000-0000-000000000001','f8f69b2f-1347-4085-826d-546e5c493b94','2026-08-01T17:09:57.051Z','rolling_90_day');insert into public.consent_revocations (tenant_id, user_consent_id, revoked_at, reason, initiated_by_type, metadata) values ('00000000-0000-0000-0000-000000000001','f8f69b2f-1347-4085-826d-546e5c493b94','2026-05-06T17:09:57.051Z','user_request','user','{"source":"mock-seed"}');
insert into public.user_consents (id, tenant_id, subject_type, subject_id, scope_id, scope_version, status, granted_at, source_channel, proof_hash, policy_snapshot, metadata) values ('d7d4d712-e43b-4e35-968a-bb95888f089f','00000000-0000-0000-0000-000000000001','user','e1bf80a7-f682-45e6-9567-2c6a2034297c','30000000-0000-0000-0000-000000000001',1,'expired',now(),'seed','70fa2021315034b33447e99b1f05dcf0096e48aadf0b78a60240b22f28656a53','{}','{"trust_score":0.7257}');insert into public.consent_expirations (tenant_id, user_consent_id, expires_at, expiration_policy) values ('00000000-0000-0000-0000-000000000001','d7d4d712-e43b-4e35-968a-bb95888f089f','2026-05-01T17:09:57.051Z','rolling_90_day');
insert into public.user_consents (id, tenant_id, subject_type, subject_id, scope_id, scope_version, status, granted_at, source_channel, proof_hash, policy_snapshot, metadata) values ('94b120ae-60fa-4f2b-924e-0035214f2eb9','00000000-0000-0000-0000-000000000001','user','57b58784-b0a3-47f6-84f1-5f68d644fe34','30000000-0000-0000-0000-000000000001',1,'granted',now(),'seed','883943926282c4c0c2719c7d03029558df0533c1cd4f1ae418806fa8cbb362b5','{}','{"trust_score":0.8829}');insert into public.consent_expirations (tenant_id, user_consent_id, expires_at, expiration_policy) values ('00000000-0000-0000-0000-000000000001','94b120ae-60fa-4f2b-924e-0035214f2eb9','2026-08-03T17:09:57.051Z','rolling_90_day');
insert into public.user_consents (id, tenant_id, subject_type, subject_id, scope_id, scope_version, status, granted_at, source_channel, proof_hash, policy_snapshot, metadata) values ('0fe8d226-ee16-451b-971c-7c99ce47bac5','00000000-0000-0000-0000-000000000001','user','9ffcaa09-4558-4608-93eb-061082d74789','30000000-0000-0000-0000-000000000001',1,'granted',now(),'seed','a51bf1de7d2ae19d8270c75f4d2bfa5bdd8d8b145902a0c2c58809e9c7a3c90e','{}','{"trust_score":0.9172}');insert into public.consent_expirations (tenant_id, user_consent_id, expires_at, expiration_policy) values ('00000000-0000-0000-0000-000000000001','0fe8d226-ee16-451b-971c-7c99ce47bac5','2026-08-04T17:09:57.051Z','rolling_90_day');
insert into public.user_consents (id, tenant_id, subject_type, subject_id, scope_id, scope_version, status, granted_at, source_channel, proof_hash, policy_snapshot, metadata) values ('9f7aa8d6-bd73-4dc9-8e8d-747aa06ea359','00000000-0000-0000-0000-000000000001','user','11b92bcb-2f1e-4cd0-89ba-3ab1ef160c9d','30000000-0000-0000-0000-000000000001',1,'granted',now(),'seed','1a34823a66dab824a3b1433aa0bd6a9b59cb25a5f00b3643cfe929f11c84f36e','{}','{"trust_score":0.796}');insert into public.consent_expirations (tenant_id, user_consent_id, expires_at, expiration_policy) values ('00000000-0000-0000-0000-000000000001','9f7aa8d6-bd73-4dc9-8e8d-747aa06ea359','2026-08-05T17:09:57.051Z','rolling_90_day');
insert into public.user_consents (id, tenant_id, subject_type, subject_id, scope_id, scope_version, status, granted_at, source_channel, proof_hash, policy_snapshot, metadata) values ('c4599747-6132-4564-9c58-779293ce0d1f','00000000-0000-0000-0000-000000000001','user','f6c9a130-8fb2-4ca7-87de-e799df9bd79b','30000000-0000-0000-0000-000000000001',1,'granted',now(),'seed','70c1b02ea436e67278580e86112ecb789219d38374ce7a12127c20f57a1db074','{}','{"trust_score":0.9659}');insert into public.consent_expirations (tenant_id, user_consent_id, expires_at, expiration_policy) values ('00000000-0000-0000-0000-000000000001','c4599747-6132-4564-9c58-779293ce0d1f','2026-08-06T17:09:57.051Z','rolling_90_day');
insert into public.user_consents (id, tenant_id, subject_type, subject_id, scope_id, scope_version, status, granted_at, source_channel, proof_hash, policy_snapshot, metadata) values ('ef293f46-9dc4-4b5b-b356-9bfb7cf63d94','00000000-0000-0000-0000-000000000001','user','dac340d6-8ec1-43c4-b3b9-943b1e481755','30000000-0000-0000-0000-000000000001',1,'granted',now(),'seed','af4cb076ca9d53762ae4efe8cdec1c17b11f549693f194d3f2dfcf3c1667f3d8','{}','{"trust_score":0.5431}');insert into public.consent_expirations (tenant_id, user_consent_id, expires_at, expiration_policy) values ('00000000-0000-0000-0000-000000000001','ef293f46-9dc4-4b5b-b356-9bfb7cf63d94','2026-08-07T17:09:57.051Z','rolling_90_day');
insert into public.user_consents (id, tenant_id, subject_type, subject_id, scope_id, scope_version, status, granted_at, source_channel, proof_hash, policy_snapshot, metadata) values ('6ca4356d-4213-4511-a4cb-668f85c12c2d','00000000-0000-0000-0000-000000000001','user','24b0f21f-ca14-4e5a-8c71-359139c5db39','30000000-0000-0000-0000-000000000001',1,'granted',now(),'seed','fa9afe0def264d18f7c0857764ff47201c9ff4281e65c9e0623ce59c1842ee42','{}','{"trust_score":0.6836}');insert into public.consent_expirations (tenant_id, user_consent_id, expires_at, expiration_policy) values ('00000000-0000-0000-0000-000000000001','6ca4356d-4213-4511-a4cb-668f85c12c2d','2026-08-08T17:09:57.051Z','rolling_90_day');
insert into public.user_consents (id, tenant_id, subject_type, subject_id, scope_id, scope_version, status, granted_at, source_channel, proof_hash, policy_snapshot, metadata) values ('7f2b2fe7-51a2-4228-bdd1-192b2bcaa629','00000000-0000-0000-0000-000000000001','user','9eb69daa-8647-434f-a499-b0f04b9f2848','30000000-0000-0000-0000-000000000001',1,'granted',now(),'seed','e38374f956a43dfe397d53e25868e15a7b71f9db114610c484b9cc1c0023257a','{}','{"trust_score":0.8565}');insert into public.consent_expirations (tenant_id, user_consent_id, expires_at, expiration_policy) values ('00000000-0000-0000-0000-000000000001','7f2b2fe7-51a2-4228-bdd1-192b2bcaa629','2026-08-09T17:09:57.051Z','rolling_90_day');
insert into public.user_consents (id, tenant_id, subject_type, subject_id, scope_id, scope_version, status, granted_at, source_channel, proof_hash, policy_snapshot, metadata) values ('c878b439-9d63-4044-a98c-7b38ad45e5cb','00000000-0000-0000-0000-000000000001','user','75774558-bf3c-45db-8c6c-c6dc60a0b2c9','30000000-0000-0000-0000-000000000001',1,'granted',now(),'seed','c31f5976259be04061aa2e5882c98b10dbb2416db38a3e1a58c31f2b6557d961','{}','{"trust_score":0.4774}');insert into public.consent_expirations (tenant_id, user_consent_id, expires_at, expiration_policy) values ('00000000-0000-0000-0000-000000000001','c878b439-9d63-4044-a98c-7b38ad45e5cb','2026-08-10T17:09:57.051Z','rolling_90_day');
insert into public.user_consents (id, tenant_id, subject_type, subject_id, scope_id, scope_version, status, granted_at, source_channel, proof_hash, policy_snapshot, metadata) values ('df5330c8-1b07-4d0e-a920-44210c663638','00000000-0000-0000-0000-000000000001','user','eeab10f1-91f5-4ec7-a7da-77fa140233a9','30000000-0000-0000-0000-000000000001',1,'revoked',now(),'seed','069703234b127514cf203b30258cf49fa9e01313e24c1593c81aa3b8a62cf989','{}','{"trust_score":0.4665}');insert into public.consent_expirations (tenant_id, user_consent_id, expires_at, expiration_policy) values ('00000000-0000-0000-0000-000000000001','df5330c8-1b07-4d0e-a920-44210c663638','2026-05-13T17:09:57.051Z','rolling_90_day');insert into public.consent_revocations (tenant_id, user_consent_id, revoked_at, reason, initiated_by_type, metadata) values ('00000000-0000-0000-0000-000000000001','df5330c8-1b07-4d0e-a920-44210c663638','2026-04-26T17:09:57.051Z','user_request','user','{"source":"mock-seed"}');
insert into public.user_consents (id, tenant_id, subject_type, subject_id, scope_id, scope_version, status, granted_at, source_channel, proof_hash, policy_snapshot, metadata) values ('d07cc4c0-36b7-4ed0-b043-0218db162352','00000000-0000-0000-0000-000000000001','user','469b8ec8-3945-4a3a-85c4-c02c2a018de7','30000000-0000-0000-0000-000000000001',1,'expired',now(),'seed','0918f8e8dace5a816b54d20e88779b462c2407246309abb3f05bfd293245ffc6','{}','{"trust_score":0.9678}');insert into public.consent_expirations (tenant_id, user_consent_id, expires_at, expiration_policy) values ('00000000-0000-0000-0000-000000000001','d07cc4c0-36b7-4ed0-b043-0218db162352','2026-05-05T17:09:57.051Z','rolling_90_day');
insert into public.user_consents (id, tenant_id, subject_type, subject_id, scope_id, scope_version, status, granted_at, source_channel, proof_hash, policy_snapshot, metadata) values ('4cdb35c2-e586-4b9a-b8d6-8ecabb42fb42','00000000-0000-0000-0000-000000000001','user','89b7ac80-d717-458a-84fa-153b101d5f6c','30000000-0000-0000-0000-000000000001',1,'granted',now(),'seed','28ad07308d6f344c83a73b2a67a7b62a3e956d859ddda7f64bf43507bced1780','{}','{"trust_score":0.872}');insert into public.consent_expirations (tenant_id, user_consent_id, expires_at, expiration_policy) values ('00000000-0000-0000-0000-000000000001','4cdb35c2-e586-4b9a-b8d6-8ecabb42fb42','2026-05-15T17:09:57.051Z','rolling_90_day');
insert into public.user_consents (id, tenant_id, subject_type, subject_id, scope_id, scope_version, status, granted_at, source_channel, proof_hash, policy_snapshot, metadata) values ('511023aa-c0cc-4163-aa92-5663aad9aaad','00000000-0000-0000-0000-000000000001','user','040e9ee4-0fe1-4124-a0f6-9f2aa7b7b984','30000000-0000-0000-0000-000000000001',1,'granted',now(),'seed','0f4379d0a83feec324ed0ef34bb4b98de4c9659d7d3eaabeceed3baddd36fce3','{}','{"trust_score":0.4992}');insert into public.consent_expirations (tenant_id, user_consent_id, expires_at, expiration_policy) values ('00000000-0000-0000-0000-000000000001','511023aa-c0cc-4163-aa92-5663aad9aaad','2026-05-16T17:09:57.051Z','rolling_90_day');
insert into public.user_consents (id, tenant_id, subject_type, subject_id, scope_id, scope_version, status, granted_at, source_channel, proof_hash, policy_snapshot, metadata) values ('04f88681-292b-496e-8832-0847851b2605','00000000-0000-0000-0000-000000000001','user','ad8dd45c-5a6f-409b-9326-ee6ba04b088e','30000000-0000-0000-0000-000000000001',1,'granted',now(),'seed','1ee384466628bd86cf09141a44d9eab3e806661a9984238f00c1610a3958073a','{}','{"trust_score":0.7585}');insert into public.consent_expirations (tenant_id, user_consent_id, expires_at, expiration_policy) values ('00000000-0000-0000-0000-000000000001','04f88681-292b-496e-8832-0847851b2605','2026-05-17T17:09:57.051Z','rolling_90_day');
insert into public.user_consents (id, tenant_id, subject_type, subject_id, scope_id, scope_version, status, granted_at, source_channel, proof_hash, policy_snapshot, metadata) values ('b9bcd01a-f3f6-4bc8-bb56-e2a25efc2161','00000000-0000-0000-0000-000000000001','user','456f13f3-899a-4545-9d54-bbcc1342c65b','30000000-0000-0000-0000-000000000001',1,'granted',now(),'seed','52cf414d45006e8e31ba0f9e60c9d76ab67450fffdf2f073cfcf72f06cbda9b2','{}','{"trust_score":0.9992}');insert into public.consent_expirations (tenant_id, user_consent_id, expires_at, expiration_policy) values ('00000000-0000-0000-0000-000000000001','b9bcd01a-f3f6-4bc8-bb56-e2a25efc2161','2026-05-18T17:09:57.051Z','rolling_90_day');
insert into public.user_consents (id, tenant_id, subject_type, subject_id, scope_id, scope_version, status, granted_at, source_channel, proof_hash, policy_snapshot, metadata) values ('8e6d714a-88ee-4355-893b-ddc3ba4a8b56','00000000-0000-0000-0000-000000000001','user','39257223-3e6b-4474-bf20-7b54c4722060','30000000-0000-0000-0000-000000000001',1,'granted',now(),'seed','9cd2fbb0bb3f80eec13a19922d17b72852916eb7182147573cdb18d4a708937d','{}','{"trust_score":0.6235}');insert into public.consent_expirations (tenant_id, user_consent_id, expires_at, expiration_policy) values ('00000000-0000-0000-0000-000000000001','8e6d714a-88ee-4355-893b-ddc3ba4a8b56','2026-05-19T17:09:57.051Z','rolling_90_day');
insert into public.user_consents (id, tenant_id, subject_type, subject_id, scope_id, scope_version, status, granted_at, source_channel, proof_hash, policy_snapshot, metadata) values ('c1ff9956-97e5-4891-96b3-3bba6f4aae88','00000000-0000-0000-0000-000000000001','user','b997cd36-4a8e-4b6f-aa5b-7d7dc706a23c','30000000-0000-0000-0000-000000000001',1,'granted',now(),'seed','90c3233a70aff7065905a3303b7bc6cdd2b73fde961c4459e846e94ae81db8d8','{}','{"trust_score":0.6929}');insert into public.consent_expirations (tenant_id, user_consent_id, expires_at, expiration_policy) values ('00000000-0000-0000-0000-000000000001','c1ff9956-97e5-4891-96b3-3bba6f4aae88','2026-05-20T17:09:57.051Z','rolling_90_day');
insert into public.user_consents (id, tenant_id, subject_type, subject_id, scope_id, scope_version, status, granted_at, source_channel, proof_hash, policy_snapshot, metadata) values ('80cac0a9-cd17-425b-8873-93eb32313031','00000000-0000-0000-0000-000000000001','user','3eb19bd9-4f40-49ca-9072-d07988247905','30000000-0000-0000-0000-000000000001',1,'granted',now(),'seed','32f32d29d132e7bd89783eceb9c4f0d8e29392cc9866cb32e3e884fb867c38fa','{}','{"trust_score":0.5721}');insert into public.consent_expirations (tenant_id, user_consent_id, expires_at, expiration_policy) values ('00000000-0000-0000-0000-000000000001','80cac0a9-cd17-425b-8873-93eb32313031','2026-05-21T17:09:57.051Z','rolling_90_day');
insert into public.user_consents (id, tenant_id, subject_type, subject_id, scope_id, scope_version, status, granted_at, source_channel, proof_hash, policy_snapshot, metadata) values ('4b4cd5f8-c722-4df1-8967-6a482c314384','00000000-0000-0000-0000-000000000001','user','fa4a7dc6-fed6-41fd-b3bd-1b7a3f4ea2c2','30000000-0000-0000-0000-000000000001',1,'granted',now(),'seed','277035b5c85535ba742fd30eba5ac2d8c50ab1136f80cd02333f598b87b95b14','{}','{"trust_score":0.7507}');insert into public.consent_expirations (tenant_id, user_consent_id, expires_at, expiration_policy) values ('00000000-0000-0000-0000-000000000001','4b4cd5f8-c722-4df1-8967-6a482c314384','2026-05-22T17:09:57.051Z','rolling_90_day');
insert into public.user_consents (id, tenant_id, subject_type, subject_id, scope_id, scope_version, status, granted_at, source_channel, proof_hash, policy_snapshot, metadata) values ('25d22608-a1f1-4a1d-9fe6-633033e69b26','00000000-0000-0000-0000-000000000001','user','582cf75a-b3d6-4018-a2bd-6a0fa751edf9','30000000-0000-0000-0000-000000000001',1,'revoked',now(),'seed','8334fb8feba86f664a73ecca4ac3cdd7671be0f523cf76ca6c3310df5e8ed1f8','{}','{"trust_score":0.7069}');insert into public.consent_expirations (tenant_id, user_consent_id, expires_at, expiration_policy) values ('00000000-0000-0000-0000-000000000001','25d22608-a1f1-4a1d-9fe6-633033e69b26','2026-05-23T17:09:57.051Z','rolling_90_day');insert into public.consent_revocations (tenant_id, user_consent_id, revoked_at, reason, initiated_by_type, metadata) values ('00000000-0000-0000-0000-000000000001','25d22608-a1f1-4a1d-9fe6-633033e69b26','2026-05-06T17:09:57.051Z','user_request','user','{"source":"mock-seed"}');
insert into public.user_consents (id, tenant_id, subject_type, subject_id, scope_id, scope_version, status, granted_at, source_channel, proof_hash, policy_snapshot, metadata) values ('7adefe3e-cbc3-44bd-bd20-f5019b1404ba','00000000-0000-0000-0000-000000000001','user','4e7bc49a-5b0c-439c-b24d-9ad3df39951e','30000000-0000-0000-0000-000000000001',1,'expired',now(),'seed','7cbb4313fe4bf96daa26370a6df7278547f515f29868846acabfb14c8454a106','{}','{"trust_score":0.7446}');insert into public.consent_expirations (tenant_id, user_consent_id, expires_at, expiration_policy) values ('00000000-0000-0000-0000-000000000001','7adefe3e-cbc3-44bd-bd20-f5019b1404ba','2026-05-02T17:09:57.051Z','rolling_90_day');
insert into public.user_consents (id, tenant_id, subject_type, subject_id, scope_id, scope_version, status, granted_at, source_channel, proof_hash, policy_snapshot, metadata) values ('7be5f63a-43e0-4fb0-9b12-3b7dfa627c62','00000000-0000-0000-0000-000000000001','user','22af6dd6-48b0-431f-8d48-aa393cfc6d83','30000000-0000-0000-0000-000000000001',1,'granted',now(),'seed','330d6185e7adba03d2d77a5ed4d7edda1b9cbd2e76bd25a7c9f86e1849ac311f','{}','{"trust_score":0.8794}');insert into public.consent_expirations (tenant_id, user_consent_id, expires_at, expiration_policy) values ('00000000-0000-0000-0000-000000000001','7be5f63a-43e0-4fb0-9b12-3b7dfa627c62','2026-05-25T17:09:57.051Z','rolling_90_day');
insert into public.user_consents (id, tenant_id, subject_type, subject_id, scope_id, scope_version, status, granted_at, source_channel, proof_hash, policy_snapshot, metadata) values ('1e5b12da-542c-4012-aa42-336826c4b875','00000000-0000-0000-0000-000000000001','user','6794ca3e-5ef5-4e1f-8e7e-e2647937d7ac','30000000-0000-0000-0000-000000000001',1,'granted',now(),'seed','76c70aeca95479e29e2013b635f99d28346b69cea65939141217bbfb41bf8fb8','{}','{"trust_score":0.8307}');insert into public.consent_expirations (tenant_id, user_consent_id, expires_at, expiration_policy) values ('00000000-0000-0000-0000-000000000001','1e5b12da-542c-4012-aa42-336826c4b875','2026-05-26T17:09:57.051Z','rolling_90_day');
insert into public.user_consents (id, tenant_id, subject_type, subject_id, scope_id, scope_version, status, granted_at, source_channel, proof_hash, policy_snapshot, metadata) values ('4893931c-2829-4eb6-b575-1c07f95283e7','00000000-0000-0000-0000-000000000001','user','937de3c3-5330-4fd7-a6bd-5db666f1907c','30000000-0000-0000-0000-000000000001',1,'granted',now(),'seed','e6a2001501eb846c879f91bfa30661f6df59215f585370b5e47fb8ba58f199c9','{}','{"trust_score":0.721}');insert into public.consent_expirations (tenant_id, user_consent_id, expires_at, expiration_policy) values ('00000000-0000-0000-0000-000000000001','4893931c-2829-4eb6-b575-1c07f95283e7','2026-05-27T17:09:57.051Z','rolling_90_day');
insert into public.user_consents (id, tenant_id, subject_type, subject_id, scope_id, scope_version, status, granted_at, source_channel, proof_hash, policy_snapshot, metadata) values ('b369e905-f1c7-4da4-8d50-72fcd94d0ba4','00000000-0000-0000-0000-000000000001','user','0d54c593-2073-4032-b977-9e1df27d1ba4','30000000-0000-0000-0000-000000000001',1,'granted',now(),'seed','3b442a32ad5fbe3ae135995df83498fa3dd5cc25a02e37cd7a91024a209873c8','{}','{"trust_score":0.7661}');insert into public.consent_expirations (tenant_id, user_consent_id, expires_at, expiration_policy) values ('00000000-0000-0000-0000-000000000001','b369e905-f1c7-4da4-8d50-72fcd94d0ba4','2026-05-28T17:09:57.051Z','rolling_90_day');
insert into public.user_consents (id, tenant_id, subject_type, subject_id, scope_id, scope_version, status, granted_at, source_channel, proof_hash, policy_snapshot, metadata) values ('b23f20b2-fb73-45a2-9a84-8f997def4aca','00000000-0000-0000-0000-000000000001','user','1fe13d20-8a6e-4d90-891a-27731f4b934c','30000000-0000-0000-0000-000000000001',1,'granted',now(),'seed','0030d3ff16c651a62c0abcfd6b369ab6ba403eeb10cd03c2baee3b930ba481e0','{}','{"trust_score":0.555}');insert into public.consent_expirations (tenant_id, user_consent_id, expires_at, expiration_policy) values ('00000000-0000-0000-0000-000000000001','b23f20b2-fb73-45a2-9a84-8f997def4aca','2026-05-29T17:09:57.051Z','rolling_90_day');
insert into public.user_consents (id, tenant_id, subject_type, subject_id, scope_id, scope_version, status, granted_at, source_channel, proof_hash, policy_snapshot, metadata) values ('5e01691a-1f38-45dd-976f-8f3581cd739a','00000000-0000-0000-0000-000000000001','user','4a4a0b25-941a-4b58-8cad-987b0c3b1902','30000000-0000-0000-0000-000000000001',1,'granted',now(),'seed','0a15b4dcb9798964ec2676d01e39e230ed784fa726d96f16119da90c49edd276','{}','{"trust_score":0.9769}');insert into public.consent_expirations (tenant_id, user_consent_id, expires_at, expiration_policy) values ('00000000-0000-0000-0000-000000000001','5e01691a-1f38-45dd-976f-8f3581cd739a','2026-05-30T17:09:57.051Z','rolling_90_day');
insert into public.user_consents (id, tenant_id, subject_type, subject_id, scope_id, scope_version, status, granted_at, source_channel, proof_hash, policy_snapshot, metadata) values ('ff38f48f-2961-485c-a245-f8f6d3ba51b7','00000000-0000-0000-0000-000000000001','user','94e758ed-b093-465a-98c9-46f65fc19fee','30000000-0000-0000-0000-000000000001',1,'granted',now(),'seed','fe9b31ea10508cb8f941551c37e6d507231fbe9d1ec972f40cf976214e8bd3a5','{}','{"trust_score":0.4896}');insert into public.consent_expirations (tenant_id, user_consent_id, expires_at, expiration_policy) values ('00000000-0000-0000-0000-000000000001','ff38f48f-2961-485c-a245-f8f6d3ba51b7','2026-05-31T17:09:57.051Z','rolling_90_day');
insert into public.user_consents (id, tenant_id, subject_type, subject_id, scope_id, scope_version, status, granted_at, source_channel, proof_hash, policy_snapshot, metadata) values ('29951a39-8ee9-4f02-9729-5e571cc1c8f1','00000000-0000-0000-0000-000000000001','user','6daceab2-2579-40af-a897-f6640d5afb40','30000000-0000-0000-0000-000000000001',1,'granted',now(),'seed','8735cbf12f4033e2020b1c10a7235b059b10523792d6d8c3823e6c8929adfac3','{}','{"trust_score":0.662}');insert into public.consent_expirations (tenant_id, user_consent_id, expires_at, expiration_policy) values ('00000000-0000-0000-0000-000000000001','29951a39-8ee9-4f02-9729-5e571cc1c8f1','2026-06-01T17:09:57.051Z','rolling_90_day');
insert into public.user_consents (id, tenant_id, subject_type, subject_id, scope_id, scope_version, status, granted_at, source_channel, proof_hash, policy_snapshot, metadata) values ('8ccb52c3-d6cc-4376-a216-3845f05198d0','00000000-0000-0000-0000-000000000001','user','0064343c-af6d-447f-a430-d8d80e8d2c3a','30000000-0000-0000-0000-000000000001',1,'revoked',now(),'seed','b59521fdf3ab88995fe8ca2618a47b9c1804510d4e1ef2a6d05b6786e713451a','{}','{"trust_score":0.6189}');insert into public.consent_expirations (tenant_id, user_consent_id, expires_at, expiration_policy) values ('00000000-0000-0000-0000-000000000001','8ccb52c3-d6cc-4376-a216-3845f05198d0','2026-06-02T17:09:57.051Z','rolling_90_day');insert into public.consent_revocations (tenant_id, user_consent_id, revoked_at, reason, initiated_by_type, metadata) values ('00000000-0000-0000-0000-000000000001','8ccb52c3-d6cc-4376-a216-3845f05198d0','2026-04-26T17:09:57.051Z','user_request','user','{"source":"mock-seed"}');
insert into public.user_consents (id, tenant_id, subject_type, subject_id, scope_id, scope_version, status, granted_at, source_channel, proof_hash, policy_snapshot, metadata) values ('89bc6025-8eb2-42d4-929b-bfa6dd640840','00000000-0000-0000-0000-000000000001','user','22ce8fcf-05cc-4cc0-803a-d6b482d2dd93','30000000-0000-0000-0000-000000000001',1,'expired',now(),'seed','925f40fe996502ab2912347d6accf8ad4fd509f656999dbe62c9e925513bc291','{}','{"trust_score":0.616}');insert into public.consent_expirations (tenant_id, user_consent_id, expires_at, expiration_policy) values ('00000000-0000-0000-0000-000000000001','89bc6025-8eb2-42d4-929b-bfa6dd640840','2026-04-29T17:09:57.051Z','rolling_90_day');
insert into public.user_consents (id, tenant_id, subject_type, subject_id, scope_id, scope_version, status, granted_at, source_channel, proof_hash, policy_snapshot, metadata) values ('d8e82c09-7487-48cb-9eb5-99e5ecf26b31','00000000-0000-0000-0000-000000000001','user','75d7039f-ec88-4ba6-a42c-1a500b90d04e','30000000-0000-0000-0000-000000000001',1,'granted',now(),'seed','5ec45b57fc2f7ea48dfae9c5b43b7aede4960e9df22b27159a3d8555bb03f35f','{}','{"trust_score":0.72}');insert into public.consent_expirations (tenant_id, user_consent_id, expires_at, expiration_policy) values ('00000000-0000-0000-0000-000000000001','d8e82c09-7487-48cb-9eb5-99e5ecf26b31','2026-06-04T17:09:57.051Z','rolling_90_day');
insert into public.user_consents (id, tenant_id, subject_type, subject_id, scope_id, scope_version, status, granted_at, source_channel, proof_hash, policy_snapshot, metadata) values ('57ce6871-2452-487b-8154-8d09f9c4efc6','00000000-0000-0000-0000-000000000001','user','5cd662d8-2fd4-4f1f-bf7c-4f90a99e9d6d','30000000-0000-0000-0000-000000000001',1,'granted',now(),'seed','221d3c2143767c8f1041f36dfeae709f3ffd2be22990b7c82520ef9e45beb326','{}','{"trust_score":0.5104}');insert into public.consent_expirations (tenant_id, user_consent_id, expires_at, expiration_policy) values ('00000000-0000-0000-0000-000000000001','57ce6871-2452-487b-8154-8d09f9c4efc6','2026-06-05T17:09:57.051Z','rolling_90_day');
insert into public.user_consents (id, tenant_id, subject_type, subject_id, scope_id, scope_version, status, granted_at, source_channel, proof_hash, policy_snapshot, metadata) values ('5d78cf71-f9a1-4837-847e-cfa154e48504','00000000-0000-0000-0000-000000000001','user','d54bf1e7-4a59-4230-b0fd-4b44897ae1f0','30000000-0000-0000-0000-000000000001',1,'granted',now(),'seed','dcbbc263a985851b6b4c3a3efc0d4a32e908533e5739d64b2d6898db829d9f50','{}','{"trust_score":0.8697}');insert into public.consent_expirations (tenant_id, user_consent_id, expires_at, expiration_policy) values ('00000000-0000-0000-0000-000000000001','5d78cf71-f9a1-4837-847e-cfa154e48504','2026-06-06T17:09:57.051Z','rolling_90_day');
insert into public.user_consents (id, tenant_id, subject_type, subject_id, scope_id, scope_version, status, granted_at, source_channel, proof_hash, policy_snapshot, metadata) values ('d2fb9261-99a9-4524-9c2d-6760ccb64280','00000000-0000-0000-0000-000000000001','user','4fc0c0ef-1986-45a9-a90e-4a2f2f543025','30000000-0000-0000-0000-000000000001',1,'granted',now(),'seed','b3dcdc98d745e1ebfc6fae855a7c2636fe8266056f400796010ea2161e0c6551','{}','{"trust_score":0.8268}');insert into public.consent_expirations (tenant_id, user_consent_id, expires_at, expiration_policy) values ('00000000-0000-0000-0000-000000000001','d2fb9261-99a9-4524-9c2d-6760ccb64280','2026-06-07T17:09:57.051Z','rolling_90_day');
insert into public.user_consents (id, tenant_id, subject_type, subject_id, scope_id, scope_version, status, granted_at, source_channel, proof_hash, policy_snapshot, metadata) values ('42be7255-d370-4a93-985e-45ab66d079ef','00000000-0000-0000-0000-000000000001','user','f980d007-f8f6-4897-ab37-e77d09313c82','30000000-0000-0000-0000-000000000001',1,'granted',now(),'seed','4745e2a22b5a1b8e172a0a966d1ea792219de13ce2c46b665628e713b73bce52','{}','{"trust_score":0.9602}');insert into public.consent_expirations (tenant_id, user_consent_id, expires_at, expiration_policy) values ('00000000-0000-0000-0000-000000000001','42be7255-d370-4a93-985e-45ab66d079ef','2026-06-08T17:09:57.051Z','rolling_90_day');
insert into public.user_consents (id, tenant_id, subject_type, subject_id, scope_id, scope_version, status, granted_at, source_channel, proof_hash, policy_snapshot, metadata) values ('3755fa53-ca78-4eef-84de-b225d99047b7','00000000-0000-0000-0000-000000000001','user','ca7dd8a9-192f-47b4-a5f3-16e86a2e6370','30000000-0000-0000-0000-000000000001',1,'granted',now(),'seed','e5b9ba97a275c602c4fd20c3cc87bd064a2b697d4ca4cc74d7f83b1d53065a9f','{}','{"trust_score":0.8455}');insert into public.consent_expirations (tenant_id, user_consent_id, expires_at, expiration_policy) values ('00000000-0000-0000-0000-000000000001','3755fa53-ca78-4eef-84de-b225d99047b7','2026-06-09T17:09:57.051Z','rolling_90_day');
insert into public.user_consents (id, tenant_id, subject_type, subject_id, scope_id, scope_version, status, granted_at, source_channel, proof_hash, policy_snapshot, metadata) values ('7d229cce-1bba-4a03-a906-f8277135c6c2','00000000-0000-0000-0000-000000000001','user','f55bda3a-c209-4770-8a37-38062166b7d0','30000000-0000-0000-0000-000000000001',1,'granted',now(),'seed','e93839b6fc2caea399b113c94f96e83f14537a8027981d13793cd159d59a44bb','{}','{"trust_score":0.7979}');insert into public.consent_expirations (tenant_id, user_consent_id, expires_at, expiration_policy) values ('00000000-0000-0000-0000-000000000001','7d229cce-1bba-4a03-a906-f8277135c6c2','2026-06-10T17:09:57.051Z','rolling_90_day');
insert into public.user_consents (id, tenant_id, subject_type, subject_id, scope_id, scope_version, status, granted_at, source_channel, proof_hash, policy_snapshot, metadata) values ('889acced-718a-4a19-b3e2-bd644139dd8a','00000000-0000-0000-0000-000000000001','user','06926b55-5878-4f81-9a17-02144b17d3a7','30000000-0000-0000-0000-000000000001',1,'granted',now(),'seed','9d2d41b1b36ab28d39f1bbdd6f068e9273d5caba04036b2e7dd6b3d536c927a6','{}','{"trust_score":0.5672}');insert into public.consent_expirations (tenant_id, user_consent_id, expires_at, expiration_policy) values ('00000000-0000-0000-0000-000000000001','889acced-718a-4a19-b3e2-bd644139dd8a','2026-06-11T17:09:57.051Z','rolling_90_day');